window,stakeFraction,fillBumpCents,slippagePct,endingBalance,roiPct,maxDrawdownPct,executed,blocked,wins,losses,winRatePct,halt_globalStop,halt_cooldown,halt_circuitBreaker,halt_floor,halt_ruin,halt_riskEnvelope,halt_minOrder,halt_miss
1w,0.1,0,0,15.17089809437532,203.4179618875064,20.226594374999998,33,2,32,1,96.96969696969697,2,0,0,0,0,0,0,0
1w,0.1,1,0,14.395085596349437,187.90171192698875,20.211235624999997,33,2,32,1,96.96969696969697,2,0,0,0,0,0,0,0
1w,0.1,2,0,13.678197985957386,173.5639597191477,20.196171874999997,33,2,32,1,96.96969696969697,2,0,0,0,0,0,0,0
1w,0.1,3,0,13.015347382591028,160.30694765182054,20.181433124999995,33,2,32,1,96.96969696969697,2,0,0,0,0,0,0,0
1w,0.1,4,0,12.396099536019037,147.92199072038073,20.167049375,33,2,32,1,96.96969696969697,2,0,0,0,0,0,0,0
1w,0.1,5,0,11.819668608862266,136.3933721772453,20.153050624999995,33,2,32,1,96.96969696969697,2,0,0,0,0,0,0,0
1w,0.1,6,0,11.28201633113377,125.64032662267539,20.139466874999997,33,2,32,1,96.96969696969697,2,0,0,0,0,0,0,0
1w,0.1,7,0,10.780527142102276,115.61054284204553,20.126328124999997,33,2,32,1,96.96969696969697,2,0,0,0,0,0,0,0
1w,0.1,8,0,10.31257015051319,106.25140301026381,20.113664374999995,33,2,32,1,96.96969696969697,2,0,0,0,0,0,0,0
1w,0.1,9,0,9.871751932395082,97.43503864790164,20.101505624999998,33,2,32,1,96.96969696969697,2,0,0,0,0,0,0,0
1w,0.1,10,0,9.443248537864497,88.86497075728992,20.089881875,33,2,32,1,96.96969696969697,2,0,0,0,0,0,0,0
1w,0.1,0,0.01,14.583446462604956,191.6689292520991,20.214972386406878,33,2,32,1,96.96969696969697,2,0,0,0,0,0,0,0
1w,0.1,1,0.01,13.84557647454975,176.911529490995,20.19968375292312,33,2,32,1,96.96969696969697,2,0,0,0,0,0,0,0
1w,0.1,2,0.01,13.16348925646968,163.2697851293936,20.184719460234373,33,2,32,1,96.96969696969697,2,0,0,0,0,0,0,0
1w,0.1,3,0.01,12.52872310024659,150.5744620049318,20.17011041737062,33,2,32,1,96.96969696969697,2,0,0,0,0,0,0,0
1w,0.1,4,0.01,11.937216186665532,138.74432373331064,20.155887533361874,33,2,32,1,96.96969696969697,2,0,0,0,0,0,0,0
1w,0.1,5,0.01,11.387104849871449,127.74209699742897,20.14208171723812,33,2,32,1,96.96969696969697,2,0,0,0,0,0,0,0
1w,0.1,6,0.01,10.873372084938806,117.46744169877613,20.12872387802938,33,2,32,1,96.96969696969697,2,0,0,0,0,0,0,0
1w,0.1,7,0.01,10.39447569083288,107.88951381665761,20.11584492476563,33,2,32,1,96.96969696969697,2,0,0,0,0,0,0,0
1w,0.1,8,0.01,9.945625923150075,98.9125184630015,20.103475766476873,33,2,32,1,96.96969696969697,2,0,0,0,0,0,0,0
1w,0.1,9,0.01,9.511189756808118,90.22379513616237,20.09164731219313,33,2,32,1,96.96969696969697,2,0,0,0,0,0,0,0
1w,0.1,10,0.01,9.086523473716202,81.73046947432404,20.08039047094437,33,2,32,1,96.96969696969697,2,0,0,0,0,0,0,0
1w,0.1,0,0.02,14.029369352053282,180.58738704106563,20.203514365505004,33,2,32,1,96.96969696969697,2,0,0,0,0,0,0,0
1w,0.1,1,0.02,13.326439856203171,166.52879712406343,20.188317953134998,33,2,32,1,96.96969696969697,2,0,0,0,0,0,0,0
1w,0.1,2,0.02,12.675351388523827,153.50702777047655,20.173476213125003,33,2,32,1,96.96969696969697,2,0,0,0,0,0,0,0
1w,0.1,3,0.02,12.068728262386784,141.3745652477357,20.159020981715,33,2,32,1,96.96969696969697,2,0,0,0,0,0,0,0
1w,0.1,4,0.02,11.503784928904594,130.07569857809187,20.144984095145002,33,2,32,1,96.96969696969697,2,0,0,0,0,0,0,0
1w,0.1,5,0.02,10.97745755841191,119.54915116823818,20.131397389655,33,2,32,1,96.96969696969697,2,0,0,0,0,0,0,0
1w,0.1,6,0.02,10.487148285276197,109.74296570552393,20.118292701484997,33,2,32,1,96.96969696969697,2,0,0,0,0,0,0,0
1w,0.1,7,0.02,10.028546289401014,100.57092578802028,20.105701866875005,33,2,32,1,96.96969696969697,2,0,0,0,0,0,0,0
1w,0.1,8,0.02,9.587930671538908,91.75861343077815,20.093656722065,33,2,32,1,96.96969696969697,2,0,0,0,0,0,0,0
1w,0.1,9,0.02,9.157359575834233,83.14719151668466,20.082189103295,33,2,32,1,96.96969696969697,2,0,0,0,0,0,0,0
1w,0.1,10,0.02,8.73639160088265,74.727832017653,20.071330846805004,33,2,32,1,96.96969696969697,2,0,0,0,0,0,0,0
1w,0.15,0,0,20.216845057946106,304.33690115892216,20.226594374999998,33,2,32,1,96.96969696969697,2,0,0,0,0,0,0,0
1w,0.15,1,0,18.711093268788485,274.2218653757697,20.211235624999997,33,2,32,1,96.96969696969697,2,0,0,0,0,0,0,0
1w,0.15,2,0,17.350229840680893,247.00459681361787,20.196171874999997,33,2,32,1,96.96969696969697,2,0,0,0,0,0,0,0
1w,0.15,3,0,16.11555243083082,222.31104861661643,20.181433124999995,33,2,32,1,96.96969696969697,2,0,0,0,0,0,0,0
1w,0.15,4,0,14.998030151140602,199.96060302281205,20.167049375,33,2,32,1,96.96969696969697,2,0,0,0,0,0,0,0
1w,0.15,5,0,13.978525576792034,179.57051153584067,20.153050624999995,33,2,32,1,96.96969696969697,2,0,0,0,0,0,0,0
1w,0.15,6,0,13.048787874055513,160.97575748111026,20.139466874999997,33,2,32,1,96.96969696969697,2,0,0,0,0,0,0,0
1w,0.15,7,0,12.201164323996156,144.02328647992312,20.126328124999997,33,2,32,1,96.96969696969697,2,0,0,0,0,0,0,0
1w,0.15,8,0,11.424445105437457,128.48890210874913,20.113664374999995,33,2,32,1,96.96969696969697,2,0,0,0,0,0,0,0
1w,0.15,9,0,10.711225643581702,114.22451287163405,20.101505624999998,33,2,32,1,96.96969696969697,2,0,0,0,0,0,0,0
1w,0.15,10,0,10.057558164810468,101.15116329620935,20.089881875,33,2,32,1,96.96969696969697,2,0,0,0,0,0,0,0
1w,0.15,0,0.01,19.074777497001655,281.49554994003313,20.214972386406878,33,2,32,1,96.96969696969697,2,0,0,0,0,0,0,0
1w,0.15,1,0.01,17.664373113851575,253.2874622770315,20.19968375292312,33,2,32,1,96.96969696969697,2,0,0,0,0,0,0,0
1w,0.15,2,0.01,16.39014901996243,227.8029803992486,20.184719460234373,33,2,32,1,96.96969696969697,2,0,0,0,0,0,0,0
1w,0.15,3,0.01,15.235543143834166,204.7108628766833,20.17011041737062,33,2,32,1,96.96969696969697,2,0,0,0,0,0,0,0
1w,0.15,4,0.01,14.184211591445573,183.68423182891144,20.155887533361874,33,2,32,1,96.96969696969697,2,0,0,0,0,0,0,0
1w,0.15,5,0.01,13.228331534400484,164.56663068800967,20.14208171723812,33,2,32,1,96.96969696969697,2,0,0,0,0,0,0,0
1w,0.15,6,0.01,12.35720278693955,147.14405573879102,20.12872387802938,33,2,32,1,96.96969696969697,2,0,0,0,0,0,0,0
1w,0.15,7,0.01,11.559693176979163,131.19386353958328,20.11584492476563,33,2,32,1,96.96969696969697,2,0,0,0,0,0,0,0
1w,0.15,8,0.01,10.828055580496814,116.56111160993628,20.103475766476873,33,2,32,1,96.96969696969697,2,0,0,0,0,0,0,0
1w,0.15,9,0.01,10.158702416475128,103.17404832950257,20.09164731219313,33,2,32,1,96.96969696969697,2,0,0,0,0,0,0,0
1w,0.15,10,0.01,9.542837822597457,90.85675645194915,20.08039047094437,33,2,32,1,96.96969696969697,2,0,0,0,0,0,0,0
1w,0.15,0,0.02,18.01266159169038,260.25323183380766,20.203514365505004,33,2,32,1,96.96969696969697,2,0,0,0,0,0,0,0
1w,0.15,1,0.02,16.69518513756354,233.90370275127083,20.188317953134998,33,2,32,1,96.96969696969697,2,0,0,0,0,0,0,0
1w,0.15,2,0.02,15.499903186026938,209.99806372053877,20.173476213125003,33,2,32,1,96.96969696969697,2,0,0,0,0,0,0,0
1w,0.15,3,0.02,14.415213654715076,188.30427309430152,20.159020981715,33,2,32,1,96.96969696969697,2,0,0,0,0,0,0,0
1w,0.15,4,0.02,13.429994988304905,168.5998997660981,20.144984095145002,33,2,32,1,96.96969696969697,2,0,0,0,0,0,0,0
1w,0.15,5,0.02,12.532420895183972,150.64841790367942,20.131397389655,33,2,32,1,96.96969696969697,2,0,0,0,0,0,0,0
1w,0.15,6,0.02,11.712159914485733,134.24319828971468,20.118292701484997,33,2,32,1,96.96969696969697,2,0,0,0,0,0,0,0
1w,0.15,7,0.02,10.96114435102142,119.22288702042843,20.105701866875005,33,2,32,1,96.96969696969697,2,0,0,0,0,0,0,0
1w,0.15,8,0.02,10.274405142254434,105.48810284508868,20.093656722065,33,2,32,1,96.96969696969697,2,0,0,0,0,0,0,0
1w,0.15,9,0.02,9.643458934860751,92.86917869721503,20.082189103295,33,2,32,1,96.96969696969697,2,0,0,0,0,0,0,0
1w,0.15,10,0.02,9.06251965728062,81.25039314561239,20.071330846805004,33,2,32,1,96.96969696969697,2,0,0,0,0,0,0,0
1w,0.2,0,0,29.949749063412202,498.9949812682441,20.226594374999998,33,2,32,1,96.96969696969697,2,0,0,0,0,0,0,0
1w,0.2,1,0,27.06278969300395,441.25579386007894,20.211235624999997,33,2,32,1,96.96969696969697,2,0,0,0,0,0,0,0
1w,0.2,2,0,24.510150663224444,390.20301326448885,20.196171874999997,33,2,32,1,96.96969696969697,2,0,0,0,0,0,0,0
1w,0.2,3,0,22.258547922408518,345.1709584481704,20.181433124999995,33,2,32,1,96.96969696969697,2,0,0,0,0,0,0,0
1w,0.2,4,0,20.256626237404667,305.1325247480933,20.167049375,33,2,32,1,96.96969696969697,2,0,0,0,0,0,0,0
1w,0.2,5,0,18.47108843794822,269.42176875896445,20.153050624999995,33,2,32,1,96.96969696969697,2,0,0,0,0,0,0,0
1w,0.2,6,0,16.874823970790956,237.4964794158191,20.139466874999997,33,2,32,1,96.96969696969697,2,0,0,0,0,0,0,0
1w,0.2,7,0,15.44475288567445,208.89505771348902,20.126328124999997,33,2,32,1,96.96969696969697,2,0,0,0,0,0,0,0
1w,0.2,8,0,14.166417683286102,183.32835366572203,20.113664374999995,33,2,32,1,96.96969696969697,2,0,0,0,0,0,0,0
1w,0.2,9,0,13.014875834586253,160.29751669172504,20.101505624999998,33,2,32,1,96.96969696969697,2,0,0,0,0,0,0,0
1w,0.2,10,0,11.97729961714815,139.545992342963,20.089881875,33,2,32,1,96.96969696969697,2,0,0,0,0,0,0,0
1w,0.2,0,0.01,27.752370051401027,455.04740102802054,20.214972386406878,33,2,32,1,96.96969696969697,2,0,0,0,0,0,0,0
1w,0.2,1,0.01,25.09572776528199,401.9145553056398,20.19968375292312,33,2,32,1,96.96969696969697,2,0,0,0,0,0,0,0
1w,0.2,2,0.01,22.75318733217715,355.06374664354297,20.184719460234373,33,2,32,1,96.96969696969697,2,0,0,0,0,0,0,0
1w,0.2,3,0.01,20.677768586637622,313.5553717327524,20.17011041737062,33,2,32,1,96.96969696969697,2,0,0,0,0,0,0,0
1w,0.2,4,0.01,18.82977398569098,276.5954797138196,20.155887533361874,33,2,32,1,96.96969696969697,2,0,0,0,0,0,0,0
1w,0.2,5,0.01,17.18033230959793,243.6066461919586,20.14208171723812,33,2,32,1,96.96969696969697,2,0,0,0,0,0,0,0
1w,0.2,6,0.01,15.704687309930566,214.09374619861134,20.12872387802938,33,2,32,1,96.96969696969697,2,0,0,0,0,0,0,0
1w,0.2,7,0.01,14.38669208803094,187.73384176061882,20.11584492476563,33,2,32,1,96.96969696969697,2,0,0,0,0,0,0,0
1w,0.2,8,0.01,13.20233580771067,164.0467161542134,20.103475766476873,33,2,32,1,96.96969696969697,2,0,0,0,0,0,0,0
1w,0.2,9,0.01,12.135271193721428,142.70542387442856,20.09164731219313,33,2,32,1,96.96969696969697,2,0,0,0,0,0,0,0
1w,0.2,10,0.01,11.177658879363197,123.55317758726395,20.08039047094437,33,2,32,1,96.96969696969697,2,0,0,0,0,0,0,0
1w,0.2,0,0.02,25.74963456402739,414.99269128054783,20.203514365505004,33,2,32,1,96.96969696969697,2,0,0,0,0,0,0,0
1w,0.2,1,0.02,23.306237533962,366.12475067924004,20.188317953134998,33,2,32,1,96.96969696969697,2,0,0,0,0,0,0,0
1w,0.2,2,0.02,21.14953391301917,322.9906782603834,20.173476213125003,33,2,32,1,96.96969696969697,2,0,0,0,0,0,0,0
1w,0.2,3,0.02,19.232495294488686,284.6499058897737,20.159020981715,33,2,32,1,96.96969696969697,2,0,0,0,0,0,0,0
1w,0.2,4,0.02,17.52428527951925,250.48570559038504,20.144984095145002,33,2,32,1,96.96969696969697,2,0,0,0,0,0,0,0
1w,0.2,5,0.02,15.99852004146448,219.97040082928962,20.131397389655,33,2,32,1,96.96969696969697,2,0,0,0,0,0,0,0
1w,0.2,6,0.02,14.636395622960874,192.72791245921746,20.118292701484997,33,2,32,1,96.96969696969697,2,0,0,0,0,0,0,0
1w,0.2,7,0.02,13.415789985741444,168.31579971482887,20.105701866875005,33,2,32,1,96.96969696969697,2,0,0,0,0,0,0,0
1w,0.2,8,0.02,12.317099850169877,146.34199700339755,20.093656722065,33,2,32,1,96.96969696969697,2,0,0,0,0,0,0,0
1w,0.2,9,0.02,11.332139366763707,126.64278733527414,20.082189103295,33,2,32,1,96.96969696969697,2,0,0,0,0,0,0,0
1w,0.2,10,0.02,10.441720819423479,108.83441638846958,20.071330846805004,33,2,32,1,96.96969696969697,2,0,0,0,0,0,0,0
1w,0.25,0,0,44.09617543252247,781.9235086504494,25.28324296875001,33,2,32,1,96.96969696969697,2,0,0,0,0,0,0,0
1w,0.25,1,0,38.938464170217244,678.769283404345,25.26404453125,33,2,32,1,96.96969696969697,2,0,0,0,0,0,0,0
1w,0.25,2,0,34.48081906371256,589.6163812742512,25.24521484375001,33,2,32,1,96.96969696969697,2,0,0,0,0,0,0,0
1w,0.25,3,0,30.61608155454389,512.3216310908778,25.226791406249998,33,2,32,1,96.96969696969697,2,0,0,0,0,0,0,0
1w,0.25,4,0,27.255184461793217,445.1036892358643,25.208811718750006,33,2,32,1,96.96969696969697,2,0,0,0,0,0,0,0
1w,0.25,5,0,24.323834410897636,386.4766882179527,25.19131328125,33,2,32,1,96.96969696969697,2,0,0,0,0,0,0,0
1w,0.25,6,0,21.75984774958424,335.1969549916848,25.17433359375,33,2,32,1,96.96969696969697,2,0,0,0,0,0,0,0
1w,0.25,7,0,19.51100285812841,290.2200571625682,25.15791015625,33,2,32,1,96.96969696969697,2,0,0,0,0,0,0,0
1w,0.25,8,0,17.533302185215835,250.6660437043167,25.14208046875,33,2,32,1,96.96969696969697,2,0,0,0,0,0,0,0
1w,0.25,9,0,15.789560661462778,215.79121322925556,25.126882031250002,33,2,32,1,96.96969696969697,2,0,0,0,0,0,0,0
1w,0.25,10,0,14.248255096981024,184.96510193962047,25.112352343750004,33,2,32,1,96.96969696969697,2,0,0,0,0,0,0,0
1w,0.25,0,0.01,40.158865753066145,703.1773150613229,25.268715483008584,33,2,32,1,96.96969696969697,2,0,0,0,0,0,0,0
1w,0.25,1,0.01,35.49377862983019,609.8755725966038,25.249604691153905,33,2,32,1,96.96969696969697,2,0,0,0,0,0,0,0
1w,0.25,2,0.01,31.45802595391195,529.160519078239,25.23089932529297,33,2,32,1,96.96969696969697,2,0,0,0,0,0,0,0
1w,0.25,3,0.01,27.955773863803113,459.1154772760623,25.21263802171328,33,2,32,1,96.96969696969697,2,0,0,0,0,0,0,0
1w,0.25,4,0.01,24.907295433579176,398.1459086715835,25.194859416702347,33,2,32,1,96.96969696969697,2,0,0,0,0,0,0,0
1w,0.25,5,0.01,22.246028741175934,344.9205748235187,25.177602146547663,33,2,32,1,96.96969696969697,2,0,0,0,0,0,0,0
1w,0.25,6,0.01,19.916212361931052,298.324247238621,25.16090484753672,33,2,32,1,96.96969696969697,2,0,0,0,0,0,0,0
1w,0.25,7,0.01,17.870977544424182,257.4195508884836,25.144806155957035,33,2,32,1,96.96969696969697,2,0,0,0,0,0,0,0
1w,0.25,8,0.01,16.07080304160059,221.41606083201185,25.129344708096095,33,2,32,1,96.96969696969697,2,0,0,0,0,0,0,0
1w,0.25,9,0.01,14.482259065705126,189.6451813141025,25.114559140241404,33,2,32,1,96.96969696969697,2,0,0,0,0,0,0,0
1w,0.25,10,0.01,13.077348290927775,161.5469658185555,25.10048808868047,33,2,32,1,96.96969696969697,2,0,0,0,0,0,0,0
1w,0.25,0,0.02,36.63138157239239,632.6276314478479,25.25439295688125,33,2,32,1,96.96969696969697,2,0,0,0,0,0,0,0
1w,0.25,1,0.02,32.40467264424536,548.0934528849072,25.23539744141875,33,2,32,1,96.96969696969697,2,0,0,0,0,0,0,0
1w,0.25,2,0.02,28.744703804577863,474.8940760915572,25.216845266406253,33,2,32,1,96.96969696969697,2,0,0,0,0,0,0,0
1w,0.25,3,0.02,25.565615712575116,411.31231425150236,25.198776227143753,33,2,32,1,96.96969696969697,2,0,0,0,0,0,0,0
1w,0.25,4,0.02,22.795915355868125,355.91830711736253,25.181230118931246,33,2,32,1,96.96969696969697,2,0,0,0,0,0,0,0
1w,0.25,5,0.02,20.375862385027,307.51724770054,25.16424673706875,33,2,32,1,96.96969696969697,2,0,0,0,0,0,0,0
1w,0.25,6,0.02,18.255366625752863,265.10733251505724,25.147865876856258,33,2,32,1,96.96969696969697,2,0,0,0,0,0,0,0
1w,0.25,7,0.02,16.392290222624062,227.84580445248125,25.13212733359375,33,2,32,1,96.96969696969697,2,0,0,0,0,0,0,0
1w,0.25,8,0.02,14.75107137340223,195.02142746804458,25.11707090258125,33,2,32,1,96.96969696969697,2,0,0,0,0,0,0,0
1w,0.25,9,0.02,13.30160466014326,166.0320932028652,25.102736379118753,33,2,32,1,96.96969696969697,2,0,0,0,0,0,0,0
1w,0.25,10,0.02,12.020237728560364,140.40475457120726,25.089163558506243,33,2,32,1,96.96969696969697,2,0,0,0,0,0,0,0
1w,0.3,0,0,63.53110125760829,1170.6220251521659,30.3398915625,33,2,32,1,96.96969696969697,2,0,0,0,0,0,0,0
1w,0.3,1,0,55.27341646107903,1005.4683292215806,30.3168534375,33,2,32,1,96.96969696969697,2,0,0,0,0,0,0,0
1w,0.3,2,0,48.191821397097414,863.8364279419483,30.294257812499996,33,2,32,1,96.96969696969697,2,0,0,0,0,0,0,0
1w,0.3,3,0,42.068517035482884,741.3703407096577,30.2721496875,33,2,32,1,96.96969696969697,2,0,0,0,0,0,0,0
1w,0.3,4,0,36.81696762315864,636.3393524631728,30.2505740625,33,2,32,1,96.96969696969697,2,0,0,0,0,0,0,0
1w,0.3,5,0,32.267297014876036,545.3459402975208,30.2295759375,33,2,32,1,96.96969696969697,2,0,0,0,0,0,0,0
1w,0.3,6,0,28.329022752930836,466.58045505861674,30.209200312500002,33,2,32,1,96.96969696969697,2,0,0,0,0,0,0,0
1w,0.3,7,0,24.911561228736574,398.23122457473147,30.189492187500004,33,2,32,1,96.96969696969697,2,0,0,0,0,0,0,0
1w,0.3,8,0,21.94761878896183,338.9523757792366,30.170496562500006,33,2,32,1,96.96969696969697,2,0,0,0,0,0,0,0
1w,0.3,9,0,19.383489849725365,287.6697969945073,30.152258437500006,33,2,32,1,96.96969696969697,2,0,0,0,0,0,0,0
1w,0.3,10,0,17.15903012760429,243.1806025520858,30.1348228125,33,2,32,1,96.96969696969697,2,0,0,0,0,0,0,0
1w,0.3,0,0.01,57.21867250552374,1044.3734501104748,30.322458579610316,33,2,32,1,96.96969696969697,2,0,0,0,0,0,0,0
1w,0.3,1,0.01,49.810051558634704,896.201031172694,30.29952562938469,33,2,32,1,96.96969696969697,2,0,0,0,0,0,0,0
1w,0.3,2,0.01,43.3945946204906,767.891892409812,30.277079190351568,33,2,32,1,96.96969696969697,2,0,0,0,0,0,0,0
1w,0.3,3,0.01,37.90486746878969,658.0973493757938,30.255165626055934,33,2,32,1,96.96969696969697,2,0,0,0,0,0,0,0
1w,0.3,4,0.01,33.17177401006255,563.435480201251,30.233831300042812,33,2,32,1,96.96969696969697,2,0,0,0,0,0,0,0
1w,0.3,5,0.01,29.069958598343028,481.39917196686054,30.21312257585718,33,2,32,1,96.96969696969697,2,0,0,0,0,0,0,0
1w,0.3,6,0.01,25.52499738681092,410.49994773621836,30.193085817044064,33,2,32,1,96.96969696969697,2,0,0,0,0,0,0,0
1w,0.3,7,0.01,22.449032255150257,348.98064510300514,30.173767387148438,33,2,32,1,96.96969696969697,2,0,0,0,0,0,0,0
1w,0.3,8,0.01,19.793236009219164,295.86472018438326,30.155213649715318,33,2,32,1,96.96969696969697,2,0,0,0,0,0,0,0
1w,0.3,9,0.01,17.493625527749977,249.87251055499954,30.13747096828968,33,2,32,1,96.96969696969697,2,0,0,0,0,0,0,0
1w,0.3,10,0.01,15.496894009183025,209.9378801836605,30.120585706416563,33,2,32,1,96.96969696969697,2,0,0,0,0,0,0,0
1w,0.3,0,0.02,51.608982282487986,932.1796456497598,30.305271548257494,33,2,32,1,96.96969696969697,2,0,0,0,0,0,0,0
1w,0.3,1,0.02,44.89072957459366,797.8145914918731,30.282476929702508,33,2,32,1,96.96969696969697,2,0,0,0,0,0,0,0
1w,0.3,2,0.02,39.1340163971757,682.6803279435139,30.260214319687506,33,2,32,1,96.96969696969697,2,0,0,0,0,0,0,0
1w,0.3,3,0.02,34.19620409295074,583.9240818590147,30.2385314725725,33,2,32,1,96.96969696969697,2,0,0,0,0,0,0,0
1w,0.3,4,0.02,29.911033305036774,498.2206661007355,30.21747614271749,33,2,32,1,96.96969696969697,2,0,0,0,0,0,0,0
1w,0.3,5,0.02,26.22359927324956,424.47198546499123,30.197096084482506,33,2,32,1,96.96969696969697,2,0,0,0,0,0,0,0
1w,0.3,6,0.02,23.02192724934048,360.4385449868096,30.177439052227495,33,2,32,1,96.96969696969697,2,0,0,0,0,0,0,0
1w,0.3,7,0.02,20.26324291198835,305.264858239767,30.1585528003125,33,2,32,1,96.96969696969697,2,0,0,0,0,0,0,0
1w,0.3,8,0.02,17.87924228765262,257.5848457530524,30.140485083097506,33,2,32,1,96.96969696969697,2,0,0,0,0,0,0,0
1w,0.3,9,0.02,15.81315774460116,216.2631548920232,30.1232836549425,33,2,32,1,96.96969696969697,2,0,0,0,0,0,0,0
1w,0.3,10,0.02,14.017651693162147,180.35303386324296,30.106996270207496,33,2,32,1,96.96969696969697,2,0,0,0,0,0,0,0
2w,0.1,0,0,51.04157993688602,920.8315987377205,11.530245763956893,77,0,75,2,97.40259740259741,0,0,0,0,0,0,0,0
2w,0.1,1,0,45.204520434488174,804.0904086897635,11.79087289016669,77,0,75,2,97.40259740259741,0,0,0,0,0,0,0,0
2w,0.1,2,0,40.149773830049334,702.9954766009868,12.056507533748958,77,0,75,2,97.40259740259741,0,0,0,0,0,0,0,0
2w,0.1,3,0,35.76068904918383,615.2137809836767,12.327360156202511,77,0,75,2,97.40259740259741,0,0,0,0,0,0,0,0
2w,0.1,4,0,31.94877750125274,538.9755500250548,12.603655291438058,77,0,75,2,97.40259740259741,0,0,0,0,0,0,0,0
2w,0.1,5,0,28.619352094327095,472.38704188654185,12.88563260110597,77,0,75,2,97.40259740259741,0,0,0,0,0,0,0,0
2w,0.1,6,0,25.694911974514977,413.8982394902995,13.1735480200502,77,0,75,2,97.40259740259741,0,0,0,0,0,0,0,0
2w,0.1,7,0,23.12648302081348,362.5296604162696,13.467675001491974,77,0,75,2,97.40259740259741,0,0,0,0,0,0,0,0
2w,0.1,8,0,20.8645593816477,317.29118763295406,13.768305872735898,77,0,75,2,97.40259740259741,0,0,0,0,0,0,0,0
2w,0.1,9,0,18.86648497993432,277.3296995986864,14.07575331354947,77,0,75,2,97.40259740259741,0,0,0,0,0,0,0,0
2w,0.1,10,0,17.114971880695407,242.29943761390814,14.390351970920603,77,0,75,2,97.40259740259741,0,0,0,0,0,0,0,0
2w,0.1,0,0.01,46.572071344888144,831.4414268977629,11.725011065520095,77,0,75,2,97.40259740259741,0,0,0,0,0,0,0,0
2w,0.1,1,0.01,41.28871617986736,725.7743235973471,11.99208990450538,77,0,75,2,97.40259740259741,0,0,0,0,0,0,0,0
2w,0.1,2,0.01,36.70964967784206,634.1929935568412,12.26443976241013,77,0,75,2,97.40259740259741,0,0,0,0,0,0,0,0
2w,0.1,3,0.01,32.7347751600927,554.6955032018541,12.542288611171386,77,0,75,2,97.40259740259741,0,0,0,0,0,0,0,0
2w,0.1,4,0.01,29.275102903993034,485.5020580798607,12.82587991135548,77,0,75,2,97.40259740259741,0,0,0,0,0,0,0,0
2w,0.1,5,0.01,26.24500065968758,424.9000131937516,13.115473794861826,77,0,75,2,97.40259740259741,0,0,0,0,0,0,0,0
2w,0.1,6,0.01,23.584787249564098,371.69574499128197,13.411348351227858,77,0,75,2,97.40259740259741,0,0,0,0,0,0,0,0
2w,0.1,7,0.01,21.245650868748054,324.9130173749611,13.713801028831888,77,0,75,2,97.40259740259741,0,0,0,0,0,0,0,0
2w,0.1,8,0.01,19.184699347494195,283.69398694988394,14.023150163721917,77,0,75,2,97.40259740259741,0,0,0,0,0,0,0,0
2w,0.1,9,0.01,17.374336649298534,247.4867329859707,14.339736650438326,77,0,75,2,97.40259740259741,0,0,0,0,0,0,0,0
2w,0.1,10,0.01,15.810602491181761,216.21204982363525,14.663925771078478,77,0,75,2,97.40259740259741,0,0,0,0,0,0,0,0
2w,0.1,0,0.02,42.57034113205425,751.4068226410851,11.922599545228785,77,0,75,2,97.40259740259741,0,0,0,0,0,0,0,0
2w,0.1,1,0.02,37.775983236229344,655.5196647245868,12.1963281938901,77,0,75,2,97.40259740259741,0,0,0,0,0,0,0,0
2w,0.1,2,0.02,33.62033303154733,572.4066606309466,12.4756073498136,77,0,75,2,97.40259740259741,0,0,0,0,0,0,0,0
2w,0.1,3,0.02,30.013085027738406,500.26170055476814,12.760683945274065,77,0,75,2,97.40259740259741,0,0,0,0,0,0,0,0
2w,0.1,4,0.02,26.86612790176364,437.32255803527283,13.051821960507864,77,0,75,2,97.40259740259741,0,0,0,0,0,0,0,0
2w,0.1,5,0.02,24.105036097330043,382.10072194660086,13.349303749728492,77,0,75,2,97.40259740259741,0,0,0,0,0,0,0,0
2w,0.1,6,0.02,21.681636249122032,333.6327249824406,13.653431486278336,77,0,75,2,97.40259740259741,0,0,0,0,0,0,0,0
2w,0.1,7,0.02,19.550019359963805,291.00038719927613,13.964528740210463,77,0,75,2,97.40259740259741,0,0,0,0,0,0,0,0
2w,0.1,8,0.02,17.67443393845845,253.48867876916898,14.282942203317454,77,0,75,2,97.40259740259741,0,0,0,0,0,0,0,0
2w,0.1,9,0.02,16.055946895849537,221.11893791699075,14.609043578604927,77,0,75,2,97.40259740259741,0,0,0,0,0,0,0,0
2w,0.1,10,0.02,14.61041504957008,192.2083009914016,14.943231653484762,77,0,75,2,97.40259740259741,0,0,0,0,0,0,0,0
2w,0.15,0,0,119.96981482436821,2299.396296487364,15.181663593750002,77,0,75,2,97.40259740259741,0,0,0,0,0,0,0,0
2w,0.15,1,0,100.37417721095446,1907.4835442190893,15.169945781250002,77,0,75,2,97.40259740259741,0,0,0,0,0,0,0,0
2w,0.15,2,0,84.33199731891726,1586.6399463783453,15.158426718749999,77,0,75,2,97.40259740259741,0,0,0,0,0,0,0,0
2w,0.15,3,0,71.12893328675801,1322.5786657351603,15.147128906250002,77,0,75,2,97.40259740259741,0,0,0,0,0,0,0,0
2w,0.15,4,0,60.21649197446293,1104.3298394892586,15.136074843750002,77,0,75,2,97.40259740259741,0,0,0,0,0,0,0,0
2w,0.15,5,0,51.160436902668344,923.2087380533668,15.125287031249998,77,0,75,2,97.40259740259741,0,0,0,0,0,0,0,0
2w,0.15,6,0,43.66211841624086,773.2423683248171,15.114787968749999,77,0,75,2,97.40259740259741,0,0,0,0,0,0,0,0
2w,0.15,7,0,37.405192320957845,648.1038464191569,15.104600156249992,77,0,75,2,97.40259740259741,0,0,0,0,0,0,0,0
2w,0.15,8,0,32.16020844171117,543.2041688342234,15.094746093749997,77,0,75,2,97.40259740259741,0,0,0,0,0,0,0,0
2w,0.15,9,0,27.75698779969269,455.1397559938538,15.085248281250005,77,0,75,2,97.40259740259741,0,0,0,0,0,0,0,0
2w,0.15,10,0,24.03897692723883,380.77953854477664,15.076129218749996,77,0,75,2,97.40259740259741,0,0,0,0,0,0,0,0
2w,0.15,0,0.01,104.87229140598403,1997.4458281196808,15.172915838741716,77,0,75,2,97.40259740259741,0,0,0,0,0,0,0,0
2w,0.15,1,0.01,87.87125954753864,1657.425190950773,15.161229289805162,77,0,75,2,97.40259740259741,0,0,0,0,0,0,0,0
2w,0.15,2,0.01,73.92093882574947,1378.4187765149895,15.149762814692341,77,0,75,2,97.40259740259741,0,0,0,0,0,0,0,0
2w,0.15,3,0.01,62.42400092487225,1148.480018497445,15.138539595175788,77,0,75,2,97.40259740259741,0,0,0,0,0,0,0,0
2w,0.15,4,0.01,52.90917888908476,958.1835777816952,15.12758281302797,77,0,75,2,97.40259740259741,0,0,0,0,0,0,0,0
2w,0.15,5,0.01,45.03567440624305,800.7134881248609,15.116915650021397,77,0,75,2,97.40259740259741,0,0,0,0,0,0,0,0
2w,0.15,6,0.01,38.499185590462936,669.9837118092587,15.106561287928594,77,0,75,2,97.40259740259741,0,0,0,0,0,0,0,0
2w,0.15,7,0.01,33.027249744894355,560.544994897887,15.096542908522029,77,0,75,2,97.40259740259741,0,0,0,0,0,0,0,0
2w,0.15,8,0.01,28.444164110441918,468.88328220883835,15.086883693574215,77,0,75,2,97.40259740259741,0,0,0,0,0,0,0,0
2w,0.15,9,0.01,24.584089331347865,391.6817866269573,15.077606824857654,77,0,75,2,97.40259740259741,0,0,0,0,0,0,0,0
2w,0.15,10,0.01,21.321843820808414,326.4368764161683,15.068735484144849,77,0,75,2,97.40259740259741,0,0,0,0,0,0,0,0
2w,0.15,0,0.02,91.89987950330327,1737.9975900660654,15.16427521049625,77,0,75,2,97.40259740259741,0,0,0,0,0,0,0,0
2w,0.15,1,0.02,77.10031425396669,1442.0062850793338,15.15263577412875,77,0,75,2,97.40259740259741,0,0,0,0,0,0,0,0
2w,0.15,2,0.02,64.93990449227148,1198.7980898454296,15.141238464851249,77,0,75,2,97.40259740259741,0,0,0,0,0,0,0,0
2w,0.15,3,0.02,54.904821258576675,998.0964251715335,15.130107159843753,77,0,75,2,97.40259740259741,0,0,0,0,0,0,0,0
2w,0.15,4,0.02,46.60898092830459,832.1796185660919,15.119265736286252,77,0,75,2,97.40259740259741,0,0,0,0,0,0,0,0
2w,0.15,5,0.02,39.752172304711436,695.0434460942288,15.108738071358754,77,0,75,2,97.40259740259741,0,0,0,0,0,0,0,0
2w,0.15,6,0.02,34.02305786812077,580.4611573624155,15.09854804224125,77,0,75,2,97.40259740259741,0,0,0,0,0,0,0,0
2w,0.15,7,0.02,29.236115927088584,484.72231854177164,15.088719526113742,77,0,75,2,97.40259740259741,0,0,0,0,0,0,0,0
2w,0.15,8,0.02,25.21678083619667,404.33561672393336,15.07927640015625,77,0,75,2,97.40259740259741,0,0,0,0,0,0,0,0
2w,0.15,9,0.02,21.82674429810364,336.53488596207285,15.07024254154874,77,0,75,2,97.40259740259741,0,0,0,0,0,0,0,0
2w,0.15,10,0.02,18.956824471166744,279.13648942333487,15.061641827471254,77,0,75,2,97.40259740259741,0,0,0,0,0,0,0,0
2w,0.2,0,0,311.0830062560287,6121.660125120574,20.242218125000008,77,0,75,2,97.40259740259741,0,0,0,0,0,0,0,0
2w,0.2,1,0,245.9783876046134,4819.567752092268,20.226594375,77,0,75,2,97.40259740259741,0,0,0,0,0,0,0,0
2w,0.2,2,0,195.5623694192012,3811.247388384024,20.211235625,77,0,75,2,97.40259740259741,0,0,0,0,0,0,0,0
2w,0.2,3,0,156.29571334592438,3025.9142669184876,20.196171875,77,0,75,2,97.40259740259741,0,0,0,0,0,0,0,0
2w,0.2,4,0,125.54278469508186,2410.8556939016376,20.181433124999995,77,0,75,2,97.40259740259741,0,0,0,0,0,0,0,0
2w,0.2,5,0,101.32867136187345,1926.573427237469,20.167049374999994,77,0,75,2,97.40259740259741,0,0,0,0,0,0,0,0
2w,0.2,6,0,82.16467388974681,1543.293477794936,20.153050625000002,77,0,75,2,97.40259740259741,0,0,0,0,0,0,0,0
2w,0.2,7,0,66.92209781700366,1238.4419563400731,20.139466875,77,0,75,2,97.40259740259741,0,0,0,0,0,0,0,0
2w,0.2,8,0,54.7403994707148,994.807989414296,20.126328125000008,77,0,75,2,97.40259740259741,0,0,0,0,0,0,0,0
2w,0.2,9,0,44.9599234885133,799.198469770266,20.113664375000003,77,0,75,2,97.40259740259741,0,0,0,0,0,0,0,0
2w,0.2,10,0,37.07235512611304,641.4471025222608,20.10150562500001,77,0,75,2,97.40259740259741,0,0,0,0,0,0,0,0
2w,0.2,0,0.01,260.5904245793398,5111.808491586796,20.230554451655617,77,0,75,2,97.40259740259741,0,0,0,0,0,0,0,0
2w,0.2,1,0.01,206.4298007329789,4028.5960146595776,20.214972386406874,77,0,75,2,97.40259740259741,0,0,0,0,0,0,0,0
2w,0.2,2,0.01,164.4100182009469,3188.2003640189378,20.199683752923125,77,0,75,2,97.40259740259741,0,0,0,0,0,0,0,0
2w,0.2,3,0.01,131.62304814866962,2532.4609629733923,20.184719460234373,77,0,75,2,97.40259740259741,0,0,0,0,0,0,0,0
2w,0.2,4,0.01,105.89926172350414,2017.9852344700826,20.17011041737062,77,0,75,2,97.40259740259741,0,0,0,0,0,0,0,0
2w,0.2,5,0.01,85.60995581515928,1612.1991163031857,20.155887533361874,77,0,75,2,97.40259740259741,0,0,0,0,0,0,0,0
2w,0.2,6,0.01,69.52520710855269,1290.504142171054,20.142081717238128,77,0,75,2,97.40259740259741,0,0,0,0,0,0,0,0
2w,0.2,7,0.01,56.7108851984838,1034.217703969676,20.12872387802937,77,0,75,2,97.40259740259741,0,0,0,0,0,0,0,0
2w,0.2,8,0.01,46.453566083063976,829.0713216612795,20.11584492476562,77,0,75,2,97.40259740259741,0,0,0,0,0,0,0,0
2w,0.2,9,0.01,38.20545299440923,664.1090598881846,20.103475766476876,77,0,75,2,97.40259740259741,0,0,0,0,0,0,0,0
2w,0.2,10,0.01,31.543734406271714,530.8746881254342,20.091647312193125,77,0,75,2,97.40259740259741,0,0,0,0,0,0,0,0
2w,0.2,0,0.02,218.9717004027869,4279.434008055738,20.219033613995002,77,0,75,2,97.40259740259741,0,0,0,0,0,0,0,0
2w,0.2,1,0.02,173.7703783180173,3375.4075663603458,20.203514365505004,77,0,75,2,97.40259740259741,0,0,0,0,0,0,0,0
2w,0.2,2,0.02,138.63711666006182,2672.7423332012363,20.188317953134998,77,0,75,2,97.40259740259741,0,0,0,0,0,0,0,0
2w,0.2,3,0.02,111.17450604860802,2123.4901209721606,20.173476213125,77,0,75,2,97.40259740259741,0,0,0,0,0,0,0,0
2w,0.2,4,0.02,89.59059243813697,1691.8118487627391,20.159020981715003,77,0,75,2,97.40259740259741,0,0,0,0,0,0,0,0
2w,0.2,5,0.02,72.53776667303391,1350.7553334606782,20.144984095145002,77,0,75,2,97.40259740259741,0,0,0,0,0,0,0,0
2w,0.2,6,0.02,58.99658402033423,1079.9316804066846,20.131397389655003,77,0,75,2,97.40259740259741,0,0,0,0,0,0,0,0
2w,0.2,7,0.02,48.19144031975692,863.8288063951384,20.118292701485004,77,0,75,2,97.40259740259741,0,0,0,0,0,0,0,0
2w,0.2,8,0.02,39.52898554491165,690.579710898233,20.10570186687501,77,0,75,2,97.40259740259741,0,0,0,0,0,0,0,0
2w,0.2,9,0.02,32.552870485674795,551.0574097134959,20.093656722065006,77,0,75,2,97.40259740259741,0,0,0,0,0,0,0,0
2w,0.2,10,0.02,26.910299271173685,438.2059854234737,20.082189103295,77,0,75,2,97.40259740259741,0,0,0,0,0,0,0,0
2w,0.25,0,0,821.0742812982985,16321.485625965972,25.302772656249996,77,0,75,2,97.40259740259741,0,0,0,0,0,0,0,0
2w,0.25,1,0,614.8550960275305,12197.10192055061,25.283242968749995,77,0,75,2,97.40259740259741,0,0,0,0,0,0,0,0
2w,0.25,2,0,463.43592085863884,9168.718417172777,25.264044531250008,77,0,75,2,97.40259740259741,0,0,0,0,0,0,0,0
2w,0.25,3,0,351.49796755556446,6929.959351111289,25.24521484375,77,0,75,2,97.40259740259741,0,0,0,0,0,0,0,0
2w,0.25,4,0,268.20442860622876,5264.088572124575,25.226791406249994,77,0,75,2,97.40259740259741,0,0,0,0,0,0,0,0
2w,0.25,5,0,205.83385273470728,4016.6770546941457,25.208811718750002,77,0,75,2,97.40259740259741,0,0,0,0,0,0,0,0
2w,0.25,6,0,158.84620622892433,3076.9241245784865,25.19131328125,77,0,75,2,97.40259740259741,0,0,0,0,0,0,0,0
2w,0.25,7,0,123.23981849545838,2364.7963699091674,25.17433359375,77,0,75,2,97.40259740259741,0,0,0,0,0,0,0,0
2w,0.25,8,0,96.105383936934,1822.1076787386799,25.157910156249997,77,0,75,2,97.40259740259741,0,0,0,0,0,0,0,0
2w,0.25,9,0,75.31445037946956,1406.2890075893913,25.14208046875,77,0,75,2,97.40259740259741,0,0,0,0,0,0,0,0
2w,0.25,10,0,59.30035293925238,1086.0070587850475,25.126882031250002,77,0,75,2,97.40259740259741,0,0,0,0,0,0,0,0
2w,0.25,0,0.01,660.1382835191813,13102.765670383627,25.288193064569537,77,0,75,2,97.40259740259741,0,0,0,0,0,0,0,0
2w,0.25,1,0.01,495.374756809202,9807.49513618404,25.26871548300859,77,0,75,2,97.40259740259741,0,0,0,0,0,0,0,0
2w,0.25,2,0.01,374.1367175879908,7382.7343517598165,25.2496046911539,77,0,75,2,97.40259740259741,0,0,0,0,0,0,0,0
2w,0.25,3,0.01,284.3242269775257,5586.4845395505145,25.230899325292977,77,0,75,2,97.40259740259741,0,0,0,0,0,0,0,0
2w,0.25,4,0.01,217.3592871629075,4247.18574325815,25.21263802171328,77,0,75,2,97.40259740259741,0,0,0,0,0,0,0,0
2w,0.25,5,0.01,167.11713451335373,3242.342690267075,25.194859416702347,77,0,75,2,97.40259740259741,0,0,0,0,0,0,0,0
2w,0.25,6,0.01,129.19436123232083,2483.8872246464166,25.177602146547656,77,0,75,2,97.40259740259741,0,0,0,0,0,0,0,0
2w,0.25,7,0.01,100.40394973414679,1908.078994682936,25.16090484753672,77,0,75,2,97.40259740259741,0,0,0,0,0,0,0,0
2w,0.25,8,0.01,78.4243403637807,1468.486807275614,25.144806155957035,77,0,75,2,97.40259740259741,0,0,0,0,0,0,0,0
2w,0.25,9,0.01,61.55383405015948,1131.0766810031896,25.129344708096095,77,0,75,2,97.40259740259741,0,0,0,0,0,0,0,0
2w,0.25,10,0.01,48.537544068408046,870.750881368161,25.114559140241404,77,0,75,2,97.40259740259741,0,0,0,0,0,0,0,0
2w,0.25,0,0.02,532.716604087983,10554.33208175966,25.273792017493747,77,0,75,2,97.40259740259741,0,0,0,0,0,0,0,0
2w,0.25,1,0.02,400.57312684684376,7911.462536936875,25.254392956881244,77,0,75,2,97.40259740259741,0,0,0,0,0,0,0,0
2w,0.25,2,0.02,303.1345812213194,5962.691624426388,25.23539744141875,77,0,75,2,97.40259740259741,0,0,0,0,0,0,0,0
2w,0.25,3,0.02,230.80581855516158,4516.116371103231,25.216845266406246,77,0,75,2,97.40259740259741,0,0,0,0,0,0,0,0
2w,0.25,4,0.02,176.77028470592865,3435.405694118573,25.19877622714375,77,0,75,2,97.40259740259741,0,0,0,0,0,0,0,0
2w,0.25,5,0.02,136.1509125368639,2623.0182507372783,25.181230118931246,77,0,75,2,97.40259740259741,0,0,0,0,0,0,0,0
2w,0.25,6,0.02,105.4342905047635,2008.68581009527,25.16424673706876,77,0,75,2,97.40259740259741,0,0,0,0,0,0,0,0
2w,0.25,7,0.02,82.07255717182146,1541.4511434364292,25.14786587685625,77,0,75,2,97.40259740259741,0,0,0,0,0,0,0,0
2w,0.25,8,0.02,64.2061826392557,1184.123652785114,25.132127333593747,77,0,75,2,97.40259740259741,0,0,0,0,0,0,0,0
2w,0.25,9,0.02,50.46958104535992,909.3916209071983,25.11707090258125,77,0,75,2,97.40259740259741,0,0,0,0,0,0,0,0
2w,0.25,10,0.02,30.576271476234425,511.5254295246885,25.102736379118756,69,8,67,2,97.10144927536231,8,0,0,0,0,0,0,0
2w,0.3,0,0,2054.713283995168,40994.26567990336,30.3633271875,77,0,75,2,97.40259740259741,0,0,0,0,0,0,0,0
2w,0.3,1,0,1470.4289801774435,29308.579603548867,30.3398915625,77,0,75,2,97.40259740259741,0,0,0,0,0,0,0,0
2w,0.3,2,0,1059.031254805547,21080.62509611094,30.316853437499997,77,0,75,2,97.40259740259741,0,0,0,0,0,0,0,0
2w,0.3,3,0,766.7861889201879,15235.723778403757,30.294257812499996,77,0,75,2,97.40259740259741,0,0,0,0,0,0,0,0
2w,0.3,4,0,558.7948620047488,11075.897240094975,30.272149687499994,77,0,75,2,97.40259740259741,0,0,0,0,0,0,0,0
2w,0.3,5,0,242.63011664406994,4752.602332881399,30.250574062499997,69,8,67,2,97.10144927536231,8,0,0,0,0,0,0,0
2w,0.3,6,0,184.58214332299679,3591.6428664599357,30.229575937499998,69,8,67,2,97.10144927536231,8,0,0,0,0,0,0,0
2w,0.3,7,0,141.04996493629136,2720.999298725827,30.209200312500005,69,8,67,2,97.10144927536231,8,0,0,0,0,0,0,0
2w,0.3,8,0,108.28363139305448,2065.6726278610895,30.1894921875,69,8,67,2,97.10144927536231,8,0,0,0,0,0,0,0
2w,0.3,9,0,83.5512987925754,1571.0259758515078,30.170496562500006,69,8,67,2,97.10144927536231,8,0,0,0,0,0,0,0
2w,0.3,10,0,64.78236789851036,1195.6473579702072,30.152258437500002,69,8,67,2,97.10144927536231,8,0,0,0,0,0,0,0
2w,0.3,0,0.01,1596.4654995635867,31829.309991271737,30.345831677483442,77,0,75,2,97.40259740259741,0,0,0,0,0,0,0,0
2w,0.3,1,0.01,1144.6382192989813,22792.764385979626,30.322458579610316,77,0,75,2,97.40259740259741,0,0,0,0,0,0,0,0
2w,0.3,2,0.01,824.789355592204,16395.787111844078,30.299525629384682,77,0,75,2,97.40259740259741,0,0,0,0,0,0,0,0
2w,0.3,3,0.01,598.2934585454959,11865.869170909918,30.277079190351554,77,0,75,2,97.40259740259741,0,0,0,0,0,0,0,0
2w,0.3,4,0.01,257.0288445771284,5040.576891542568,30.255165626055934,69,8,67,2,97.10144927536231,8,0,0,0,0,0,0,0
2w,0.3,5,0.01,194.78176087738717,3795.635217547743,30.233831300042812,69,8,67,2,97.10144927536231,8,0,0,0,0,0,0,0
2w,0.3,6,0.01,148.3314552632107,2866.629105264214,30.213122575857188,69,8,67,2,97.10144927536231,8,0,0,0,0,0,0,0
2w,0.3,7,0.01,113.46226751766646,2169.2453503533293,30.193085817044057,69,8,67,2,97.10144927536231,8,0,0,0,0,0,0,0
2w,0.3,8,0.01,87.24305042539108,1644.8610085078215,30.17376738714843,69,8,67,2,97.10144927536231,8,0,0,0,0,0,0,0
2w,0.3,9,0.01,67.4187805556905,1248.37561111381,30.155213649715325,69,8,67,2,97.10144927536231,8,0,0,0,0,0,0,0
2w,0.3,10,0.01,52.34967506995183,946.9935013990366,30.13747096828969,69,8,67,2,97.10144927536231,8,0,0,0,0,0,0,0
2w,0.3,0,0.02,1245.254284625546,24805.08569251092,30.3285504209925,77,0,75,2,97.40259740259741,0,0,0,0,0,0,0,0
2w,0.3,1,0.02,893.2473502970504,17764.94700594101,30.305271548257508,77,0,75,2,97.40259740259741,0,0,0,0,0,0,0,0
2w,0.3,2,0.02,644.85205013492,12797.0410026984,30.282476929702497,77,0,75,2,97.40259740259741,0,0,0,0,0,0,0,0
2w,0.3,3,0.02,273.87401762638507,5377.480352527701,30.260214319687496,69,8,67,2,97.10144927536231,8,0,0,0,0,0,0,0
2w,0.3,4,0.02,206.716958439121,4034.3391687824196,30.2385314725725,69,8,67,2,97.10144927536231,8,0,0,0,0,0,0,0
2w,0.3,5,0.02,156.86226474713095,3037.245294942619,30.217476142717498,69,8,67,2,97.10144927536231,8,0,0,0,0,0,0,0
2w,0.3,6,0.02,119.53823043183976,2290.7646086367954,30.197096084482496,69,8,67,2,97.10144927536231,8,0,0,0,0,0,0,0
2w,0.3,7,0.02,91.58409036554177,1731.6818073108354,30.177439052227502,69,8,67,2,97.10144927536231,8,0,0,0,0,0,0,0
2w,0.3,8,0.02,70.52844121477708,1310.5688242955414,30.158552800312492,69,8,67,2,97.10144927536231,8,0,0,0,0,0,0,0
2w,0.3,9,0.02,54.58191583811063,991.6383167622125,30.140485083097495,69,8,67,2,97.10144927536231,8,0,0,0,0,0,0,0
2w,0.3,10,0.02,42.440998813385995,748.81997626772,30.123283654942508,69,8,67,2,97.10144927536231,8,0,0,0,0,0,0,0
3w,0.1,0,0,88.65947472377886,1673.1894944755772,22.85724037421962,116,2,109,7,93.96551724137932,2,0,0,0,0,0,0,0
3w,0.1,1,0,74.71569888022407,1394.3139776044814,22.94574028301527,116,2,109,7,93.96551724137932,2,0,0,0,0,0,0,0
3w,0.1,2,0,63.20983488736193,1164.1966977472387,23.292596556482085,116,2,109,7,93.96551724137932,2,0,0,0,0,0,0,0
3w,0.1,3,0,53.719830081863215,974.3966016372642,23.94843510189424,116,2,109,7,93.96551724137932,2,0,0,0,0,0,0,0
3w,0.1,4,0,45.76646507412778,815.3293014825556,24.761983247987633,116,2,109,7,93.96551724137932,2,0,0,0,0,0,0,0
3w,0.1,5,0,41.32313013335213,726.4626026670426,20.043104185833247,113,5,107,6,94.69026548672566,5,0,0,0,0,0,0,0
3w,0.1,6,0,35.476774719635216,609.5354943927043,20.735800180981627,113,5,107,6,94.69026548672566,5,0,0,0,0,0,0,0
3w,0.1,7,0,30.60859144982539,512.1718289965078,21.52647926694893,113,5,107,6,94.69026548672566,5,0,0,0,0,0,0,0
3w,0.1,8,0,26.495966487969884,429.91932975939767,22.360148021221566,113,5,107,6,94.69026548672566,5,0,0,0,0,0,0,0
3w,0.1,9,0,22.937409489328303,358.74818978656606,23.240622716548458,113,5,107,6,94.69026548672566,5,0,0,0,0,0,0,0
3w,0.1,10,0,19.922774109119064,298.4554821823813,24.172190648407604,113,5,107,6,94.69026548672566,5,0,0,0,0,0,0,0
3w,0.1,0,0.01,77.91509209604979,1458.301841920996,22.936149904835982,116,2,109,7,93.96551724137932,2,0,0,0,0,0,0,0
3w,0.1,1,0.01,65.7635275923801,1215.270551847602,23.193141989601212,116,2,109,7,93.96551724137932,2,0,0,0,0,0,0,0
3w,0.1,2,0.01,55.735404540569796,1014.708090811396,23.766056976685274,116,2,109,7,93.96551724137932,2,0,0,0,0,0,0,0
3w,0.1,3,0.01,47.41014712347381,848.2029424694762,24.581875908569597,116,2,109,7,93.96551724137932,2,0,0,0,0,0,0,0
3w,0.1,4,0.01,40.428082009943786,708.5616401988757,25.421506436732443,116,2,109,7,93.96551724137932,2,0,0,0,0,0,0,0
3w,0.1,5,0.01,36.565337445227506,631.3067489045501,20.57970017457223,113,5,107,6,94.69026548672566,5,0,0,0,0,0,0,0
3w,0.1,6,0.01,31.462979044029,529.2595808805801,21.370200540729737,113,5,107,6,94.69026548672566,5,0,0,0,0,0,0,0
3w,0.1,7,0.01,27.200514604612522,444.0102920922504,22.203865342059874,113,5,107,6,94.69026548672566,5,0,0,0,0,0,0,0
3w,0.1,8,0.01,23.50065670420723,370.0131340841446,23.08454451561451,113,5,107,6,94.69026548672566,5,0,0,0,0,0,0,0
3w,0.1,9,0.01,20.37258761177582,307.45175223551644,24.016565623882492,113,5,107,6,94.69026548672566,5,0,0,0,0,0,0,0
3w,0.1,10,0.01,17.70989652163432,254.1979304326864,25.004810000035626,113,5,107,6,94.69026548672566,5,0,0,0,0,0,0,0
3w,0.1,0,0.02,68.67566246558398,1273.5132493116798,23.086612932887427,116,2,109,7,93.96551724137932,2,0,0,0,0,0,0,0
3w,0.1,1,0.02,58.056205959488175,1061.1241191897636,23.567626299370392,116,2,109,7,93.96551724137932,2,0,0,0,0,0,0,0
3w,0.1,2,0.02,49.27891574591567,885.5783149183134,24.38746793776513,116,2,109,7,93.96551724137932,2,0,0,0,0,0,0,0
3w,0.1,3,0.02,41.9043854847492,738.087709694984,25.229719956012026,116,2,109,7,93.96551724137932,2,0,0,0,0,0,0,0
3w,0.1,4,0.02,37.818568594286454,656.3713718857291,20.41004396926229,113,5,107,6,94.69026548672566,5,0,0,0,0,0,0,0
3w,0.1,5,0.02,32.44165553252017,548.8331106504035,21.19951931706414,113,5,107,6,94.69026548672566,5,0,0,0,0,0,0,0
3w,0.1,6,0.02,28.010091543235475,460.20183086470945,22.03225796966174,113,5,107,6,94.69026548672566,5,0,0,0,0,0,0,0
3w,0.1,7,0.02,24.14952831575175,382.990566315035,22.912134288173007,113,5,107,6,94.69026548672566,5,0,0,0,0,0,0,0
3w,0.1,8,0.02,20.892458561356403,317.849171227128,23.84350543895514,113,5,107,6,94.69026548672566,5,0,0,0,0,0,0,0
3w,0.1,9,0.02,18.127127720460816,262.54255440921634,24.831288716744357,113,5,107,6,94.69026548672566,5,0,0,0,0,0,0,0
3w,0.1,10,0.02,15.799699058355378,215.99398116710756,25.88105420193375,113,5,107,6,94.69026548672566,5,0,0,0,0,0,0,0
3w,0.15,0,0,284.91318672547584,5598.263734509517,27.962830984723013,113,5,107,6,94.69026548672566,5,0,0,0,0,0,0,0
3w,0.15,1,0,220.61447590501498,4312.2895181003,27.945007784097303,113,5,107,6,94.69026548672566,5,0,0,0,0,0,0,0
3w,0.15,2,0,171.84831471126256,3336.966294225251,27.927710853698116,113,5,107,6,94.69026548672566,5,0,0,0,0,0,0,0
3w,0.15,3,0,134.62972727756832,2592.594545551366,27.910978591152197,113,5,107,6,94.69026548672566,5,0,0,0,0,0,0,0
3w,0.15,4,0,106.07748736677755,2021.5497473355508,27.894849405430435,113,5,107,6,94.69026548672566,5,0,0,0,0,0,0,0
3w,0.15,5,0,84.050667371692,1581.01334743384,27.87936171529553,113,5,107,6,94.69026548672566,5,0,0,0,0,0,0,0
3w,0.15,6,0,66.93068572664173,1238.6137145328344,27.86455394764807,113,5,107,6,94.69026548672566,5,0,0,0,0,0,0,0
3w,0.15,7,0,53.56424254903409,971.2848509806818,27.850464535771668,113,5,107,6,94.69026548672566,5,0,0,0,0,0,0,0
3w,0.15,8,0,43.071886322223186,761.4377264444637,27.83713191747666,113,5,107,6,94.69026548672566,5,0,0,0,0,0,0,0
3w,0.15,9,0,34.900806479783796,598.0161295956759,27.824594533142523,113,5,107,6,94.69026548672566,5,0,0,0,0,0,0,0
3w,0.15,10,0,28.551161682440775,471.0232336488155,27.812890823659302,113,5,107,6,94.69026548672566,5,0,0,0,0,0,0,0
3w,0.15,0,0.01,235.0426650391046,4600.853300782092,27.948619912344185,113,5,107,6,94.69026548672566,5,0,0,0,0,0,0,0
3w,0.15,1,0.01,182.36264564699988,3547.2529129399973,27.931040636397764,113,5,107,6,94.69026548672566,5,0,0,0,0,0,0,0
3w,0.15,2,0.01,142.32628152436564,2746.525630487313,27.914029739155605,113,5,107,6,94.69026548672566,5,0,0,0,0,0,0,0
3w,0.15,3,0.01,111.71976749928388,2134.3953499856775,27.897626791314078,113,5,107,6,94.69026548672566,5,0,0,0,0,0,0,0
3w,0.15,4,0.01,88.21647247108456,1664.329449421691,27.881871374065376,113,5,107,6,94.69026548672566,5,0,0,0,0,0,0,0
3w,0.15,5,0.01,70.01623436833765,1300.324687366753,27.866803077378428,113,5,107,6,94.69026548672566,5,0,0,0,0,0,0,0
3w,0.15,6,0.01,55.85186247152366,1017.0372494304733,27.852461498172598,113,5,107,6,94.69026548672566,5,0,0,0,0,0,0,0
3w,0.15,7,0.01,44.77508605579165,795.501721115833,27.838886238383697,113,5,107,6,94.69026548672566,5,0,0,0,0,0,0,0
3w,0.15,8,0.01,36.143556740700504,622.87113481401,27.82611690292262,113,5,107,6,94.69026548672566,5,0,0,0,0,0,0,0
3w,0.15,9,0.01,29.4621185983848,489.24237196769604,27.814193097526463,113,5,107,6,94.69026548672566,5,0,0,0,0,0,0,0
3w,0.15,10,0.01,24.23926381009059,384.7852762018118,27.803154426502214,113,5,107,6,94.69026548672566,5,0,0,0,0,0,0,0
3w,0.15,0,0.02,194.55752804522425,3791.1505609044852,27.934736481628242,113,5,107,6,94.69026548672566,5,0,0,0,0,0,0,0
3w,0.15,1,0.02,151.2454971709796,2924.909943419592,27.917434554643823,113,5,107,6,94.69026548672566,5,0,0,0,0,0,0,0
3w,0.15,2,0.02,118.26247293202444,2265.2494586404887,27.900744482850243,113,5,107,6,94.69026548672566,5,0,0,0,0,0,0,0
3w,0.15,3,0.02,93.0420654308194,1760.8413086163882,27.884707032789414,113,5,107,6,94.69026548672566,5,0,0,0,0,0,0,0
3w,0.15,4,0.02,73.59298145163766,1371.859629032753,27.86936298048644,113,5,107,6,94.69026548672566,5,0,0,0,0,0,0,0
3w,0.15,5,0.02,58.506787523634074,1070.1357504726816,27.85475310955218,113,5,107,6,94.69026548672566,5,0,0,0,0,0,0,0
3w,0.15,6,0.02,46.75650772767854,835.1301545535708,27.840918209171782,113,5,107,6,94.69026548672566,5,0,0,0,0,0,0,0
3w,0.15,7,0.02,37.6011723615305,652.02344723061,27.8278990719792,113,5,107,6,94.69026548672566,5,0,0,0,0,0,0,0
3w,0.15,8,0.02,30.52640349438839,510.5280698877678,27.815736491817784,113,5,107,6,94.69026548672566,5,0,0,0,0,0,0,0
3w,0.15,9,0.02,25.026169421060846,400.5233884212169,27.80447126138668,113,5,107,6,94.69026548672566,5,0,0,0,0,0,0,0
3w,0.15,10,0.02,20.740342057521342,314.8068411504268,27.954829402983925,113,5,107,6,94.69026548672566,5,0,0,0,0,0,0,0
3w,0.2,0,0,1181.2090182555426,23524.18036511085,20.242218125000004,112,6,107,5,95.53571428571429,6,0,0,0,0,0,0,0
3w,0.2,1,0,844.1384656010767,16782.769312021534,20.226594375000005,112,6,107,5,95.53571428571429,6,0,0,0,0,0,0,0
3w,0.2,2,0,607.9911911928756,12059.823823857512,20.211235624999997,112,6,107,5,95.53571428571429,6,0,0,0,0,0,0,0
3w,0.2,3,0,441.2063789883167,8724.127579766335,20.196171875000005,112,6,107,5,95.53571428571429,6,0,0,0,0,0,0,0
3w,0.2,4,0,322.4903904591555,6349.807809183109,20.181433125000005,112,6,107,5,95.53571428571429,6,0,0,0,0,0,0,0
3w,0.2,5,0,237.35420465745202,4647.08409314904,20.167049374999994,112,6,107,5,95.53571428571429,6,0,0,0,0,0,0,0
3w,0.2,6,0,175.85781255189215,3417.156251037843,20.153050625,112,6,107,5,95.53571428571429,6,0,0,0,0,0,0,0
3w,0.2,7,0,131.12784614630675,2522.556922926135,20.139466874999997,112,6,107,5,95.53571428571429,6,0,0,0,0,0,0,0
3w,0.2,8,0,98.37503753694575,1867.500750738915,20.126328125000004,112,6,107,5,95.53571428571429,6,0,0,0,0,0,0,0
3w,0.2,9,0,74.23758668661452,1384.7517337322904,20.113664375000003,112,6,107,5,95.53571428571429,6,0,0,0,0,0,0,0
3w,0.2,10,0,56.33882339834233,1026.7764679668464,20.10150562500001,112,6,107,5,95.53571428571429,6,0,0,0,0,0,0,0
3w,0.2,0,0.01,917.33769481039,18246.7538962078,20.23055445165563,112,6,107,5,95.53571428571429,6,0,0,0,0,0,0,0
3w,0.2,1,0.01,657.2818602717007,13045.637205434014,20.21497238640687,112,6,107,5,95.53571428571429,6,0,0,0,0,0,0,0
3w,0.2,2,0.01,474.6064060806236,9392.128121612472,20.19968375292312,112,6,107,5,95.53571428571429,6,0,0,0,0,0,0,0
3w,0.2,3,0.01,345.2545678989721,6805.091357979441,20.184719460234373,112,6,107,5,95.53571428571429,6,0,0,0,0,0,0,0
3w,0.2,4,0.01,252.95242099375622,4959.048419875124,20.17011041737062,112,6,107,5,95.53571428571429,6,0,0,0,0,0,0,0
3w,0.2,5,0.01,186.5978052332985,3631.95610466597,20.15588753336188,112,6,107,5,95.53571428571429,6,0,0,0,0,0,0,0
3w,0.2,6,0.01,138.55492564917586,2671.098512983517,20.14208171723812,112,6,107,5,95.53571428571429,6,0,0,0,0,0,0,0
3w,0.2,7,0.01,103.53068924216713,1970.6137848433425,20.12872387802938,112,6,107,5,95.53571428571429,6,0,0,0,0,0,0,0
3w,0.2,8,0.01,77.82804615516346,1456.5609231032693,20.11584492476563,112,6,107,5,95.53571428571429,6,0,0,0,0,0,0,0
3w,0.2,9,0.01,58.845768132557055,1076.915362651141,20.103475766476883,112,6,107,5,95.53571428571429,6,0,0,0,0,0,0,0
3w,0.2,10,0.01,44.74066384593788,794.8132769187577,20.091647312193132,112,6,107,5,95.53571428571429,6,0,0,0,0,0,0,0
3w,0.2,0,0.02,715.5752304552788,14211.504609105574,20.219033613995006,112,6,107,5,95.53571428571429,6,0,0,0,0,0,0,0
3w,0.2,1,0.02,514.0260768319301,10180.521536638602,20.203514365505004,112,6,107,5,95.53571428571429,6,0,0,0,0,0,0,0
3w,0.2,2,0.02,372.0806959345154,7341.613918690308,20.18831795313501,112,6,107,5,95.53571428571429,6,0,0,0,0,0,0,0
3w,0.2,3,0.02,271.3161814912526,5326.323629825052,20.173476213125,112,6,107,5,95.53571428571429,6,0,0,0,0,0,0,0
3w,0.2,4,0.02,199.23726401211067,3884.745280242213,20.159020981715,112,6,107,5,95.53571428571429,6,0,0,0,0,0,0,0
3w,0.2,5,0.02,147.2978852995278,2845.957705990556,20.144984095145,112,6,107,5,95.53571428571429,6,0,0,0,0,0,0,0
3w,0.2,6,0.02,109.60566586113089,2092.1133172226178,20.131397389654992,112,6,107,5,95.53571428571429,6,0,0,0,0,0,0,0
3w,0.2,7,0.02,82.06613732970764,1541.3227465941527,20.118292701484997,112,6,107,5,95.53571428571429,6,0,0,0,0,0,0,0
3w,0.2,8,0.02,61.8126892875126,1136.253785750252,20.105701866875,112,6,107,5,95.53571428571429,6,0,0,0,0,0,0,0
3w,0.2,9,0.02,46.823739638601474,836.4747927720294,20.093656722065003,112,6,107,5,95.53571428571429,6,0,0,0,0,0,0,0
3w,0.2,10,0.02,35.663609197598646,613.2721839519729,20.60133444316218,112,6,107,5,95.53571428571429,6,0,0,0,0,0,0,0
3w,0.25,0,0,4152.856912801574,82957.13825603148,25.302772656250006,112,6,107,5,95.53571428571429,6,0,0,0,0,0,0,0
3w,0.25,1,0,2745.7711274172034,54815.42254834407,25.28324296875001,112,6,107,5,95.53571428571429,6,0,0,0,0,0,0,0
3w,0.25,2,0,1832.4637859686595,36549.27571937319,25.26404453125,112,6,107,5,95.53571428571429,6,0,0,0,0,0,0,0
3w,0.25,3,0,1233.960205144763,24579.204102895263,25.245214843750002,112,6,107,5,95.53571428571429,6,0,0,0,0,0,0,0
3w,0.25,4,0,838.1246071096931,16662.49214219386,25.226791406249998,112,6,107,5,95.53571428571429,6,0,0,0,0,0,0,0
3w,0.25,5,0,573.9980108964655,11379.96021792931,25.208811718750002,112,6,107,5,95.53571428571429,6,0,0,0,0,0,0,0
3w,0.25,6,0,396.2457160029738,7824.914320059476,25.19131328125,112,6,107,5,95.53571428571429,6,0,0,0,0,0,0,0
3w,0.25,7,0,275.634947132228,5412.69894264456,25.174333593750003,112,6,107,5,95.53571428571429,6,0,0,0,0,0,0,0
3w,0.25,8,0,193.14674697952833,3762.9349395905665,25.157910156249997,112,6,107,5,95.53571428571429,6,0,0,0,0,0,0,0
3w,0.25,9,0,136.30016726989749,2626.0033453979495,25.142080468750006,112,6,107,5,95.53571428571429,6,0,0,0,0,0,0,0
3w,0.25,10,0,93.85592524057927,1777.1185048115854,25.12688203125,111,7,106,5,95.4954954954955,7,0,0,0,0,0,0,0
3w,0.25,0,0.01,3041.7868601012096,60735.73720202419,25.288193064569537,112,6,107,5,95.53571428571429,6,0,0,0,0,0,0,0
3w,0.25,1,0.01,2017.1869260180615,40243.73852036123,25.268715483008584,112,6,107,5,95.53571428571429,6,0,0,0,0,0,0,0
3w,0.25,2,0.01,1350.1288611586783,26902.57722317357,25.24960469115391,112,6,107,5,95.53571428571429,6,0,0,0,0,0,0,0
3w,0.25,3,0.01,911.7104022966734,18134.20804593347,25.230899325292967,112,6,107,5,95.53571428571429,6,0,0,0,0,0,0,0
3w,0.25,4,0.01,620.9235053618243,12318.470107236484,25.21263802171328,112,6,107,5,95.53571428571429,6,0,0,0,0,0,0,0
3w,0.25,5,0.01,426.3549765571749,8427.099531143498,25.194859416702336,112,6,107,5,95.53571428571429,6,0,0,0,0,0,0,0
3w,0.25,6,0.01,295.0628307239813,5801.256614479626,25.177602146547663,112,6,107,5,95.53571428571429,6,0,0,0,0,0,0,0
3w,0.25,7,0.01,205.74559372994054,4014.9118745988103,25.160904847536724,112,6,107,5,95.53571428571429,6,0,0,0,0,0,0,0
3w,0.25,8,0.01,144.50642949642054,2790.1285899284107,25.144806155957028,112,6,107,5,95.53571428571429,6,0,0,0,0,0,0,0
3w,0.25,9,0.01,99.01897939325731,1880.3795878651463,25.12934470809609,111,7,106,5,95.4954954954955,7,0,0,0,0,0,0,0
3w,0.25,10,0.01,70.7090438455266,1314.1808769105319,25.11455914024141,111,7,106,5,95.4954954954955,7,0,0,0,0,0,0,0
3w,0.25,0,0.02,2239.78695408462,44695.739081692394,25.273792017493747,112,6,107,5,95.53571428571429,6,0,0,0,0,0,0,0
3w,0.25,1,0.02,1489.6778413756333,29693.556827512668,25.25439295688125,112,6,107,5,95.53571428571429,6,0,0,0,0,0,0,0
3w,0.25,2,0.02,999.8785270316255,19897.57054063251,25.23539744141875,112,6,107,5,95.53571428571429,6,0,0,0,0,0,0,0
3w,0.25,3,0.02,677.0366191792915,13440.732383585831,25.216845266406256,112,6,107,5,95.53571428571429,6,0,0,0,0,0,0,0
3w,0.25,4,0.02,462.31062161546214,9146.212432309243,25.198776227143743,112,6,107,5,95.53571428571429,6,0,0,0,0,0,0,0
3w,0.25,5,0.02,318.24733254108384,6264.9466508216765,25.181230118931254,112,6,107,5,95.53571428571429,6,0,0,0,0,0,0,0
3w,0.25,6,0.02,220.78144757254535,4315.628951450907,25.16424673706875,112,6,107,5,95.53571428571429,6,0,0,0,0,0,0,0
3w,0.25,7,0.02,154.30856444209715,2986.171288841943,25.147865876856244,112,6,107,5,95.53571428571429,6,0,0,0,0,0,0,0
3w,0.25,8,0.02,105.19333799761104,2003.8667599522207,25.132127333593747,111,7,106,5,95.4954954954955,7,0,0,0,0,0,0,0
3w,0.25,9,0.02,74.78178279421942,1395.6356558843884,25.11707090258125,111,7,106,5,95.4954954954955,7,0,0,0,0,0,0,0
3w,0.25,10,0.02,41.052487127995825,721.0497425599165,26.43940608551648,103,15,98,5,95.14563106796116,15,0,0,0,0,0,0,0
3w,0.3,0,0,13373.634032313399,267372.68064626795,30.3633271875,111,7,106,5,95.4954954954955,7,0,0,0,0,0,0,0
3w,0.3,1,0,8247.590188061286,164851.80376122572,30.3398915625,111,7,106,5,95.4954954954955,7,0,0,0,0,0,0,0
3w,0.3,2,0,5125.795378251081,102415.90756502163,30.31685343749999,111,7,106,5,95.4954954954955,7,0,0,0,0,0,0,0
3w,0.3,3,0,3205.242334500629,64004.846690012586,30.294257812499993,111,7,106,5,95.4954954954955,7,0,0,0,0,0,0,0
3w,0.3,4,0,2022.085332487288,40341.706649745756,30.272149687500004,111,7,106,5,95.4954954954955,7,0,0,0,0,0,0,0
3w,0.3,5,0,760.4659159108304,15109.318318216609,30.2505740625,103,15,98,5,95.14563106796116,15,0,0,0,0,0,0,0
3w,0.3,6,0,501.88348204372625,9937.669640874525,30.229575937499998,103,15,98,5,95.14563106796116,15,0,0,0,0,0,0,0
3w,0.3,7,0,337.2870050643816,6645.740101287632,30.209200312500005,103,15,98,5,95.14563106796116,15,0,0,0,0,0,0,0
3w,0.3,8,0,228.90269995393516,4478.053999078704,30.189492187499994,103,15,98,5,95.14563106796116,15,0,0,0,0,0,0,0
3w,0.3,9,0,156.50687032983245,3030.1374065966493,30.1704965625,103,15,98,5,95.14563106796116,15,0,0,0,0,0,0,0
3w,0.3,10,0,107.7749780610965,2055.49956122193,30.15225843749999,103,15,98,5,95.14563106796116,15,0,0,0,0,0,0,0
3w,0.3,0,0.01,9297.832491908659,185856.64983817318,30.34583167748344,111,7,106,5,95.4954954954955,7,0,0,0,0,0,0,0
3w,0.3,1,0.01,5744.282491580741,114785.64983161482,30.322458579610313,111,7,106,5,95.4954954954955,7,0,0,0,0,0,0,0
3w,0.3,2,0.01,3567.33665720739,71246.7331441478,30.299525629384693,111,7,106,5,95.4954954954955,7,0,0,0,0,0,0,0
3w,0.3,3,0.01,2235.6771016693883,44613.54203338777,30.277079190351557,111,7,106,5,95.4954954954955,7,0,0,0,0,0,0,0
3w,0.3,4,0.01,830.7097131016372,16514.194262032746,30.255165626055934,103,15,98,5,95.14563106796116,15,0,0,0,0,0,0,0
3w,0.3,5,0.01,545.079553597842,10801.591071956842,30.233831300042812,103,15,98,5,95.14563106796116,15,0,0,0,0,0,0,0
3w,0.3,6,0.01,363.4031789323423,7168.063578646846,30.21312257585718,103,15,98,5,95.14563106796116,15,0,0,0,0,0,0,0
3w,0.3,7,0.01,245.31667198046065,4806.333439609213,30.193085817044057,103,15,98,5,95.14563106796116,15,0,0,0,0,0,0,0
3w,0.3,8,0.01,166.87297736080455,3237.4595472160913,30.17376738714843,103,15,98,5,95.14563106796116,15,0,0,0,0,0,0,0
3w,0.3,9,0.01,114.3488327719421,2186.976655438842,30.15521364971531,103,15,98,5,95.14563106796116,15,0,0,0,0,0,0,0
3w,0.3,10,0.01,78.91047710390467,1478.2095420780934,31.000237977461225,103,15,98,5,95.14563106796116,15,0,0,0,0,0,0,0
3w,0.3,0,0.02,6498.118595014571,129862.37190029141,30.3285504209925,111,7,106,5,95.4954954954955,7,0,0,0,0,0,0,0
3w,0.3,1,0.02,4009.8064943443314,80096.12988688663,30.305271548257494,111,7,106,5,95.4954954954955,7,0,0,0,0,0,0,0
3w,0.3,2,0.02,2495.801840903175,49816.036818063505,30.2824769297025,111,7,106,5,95.4954954954955,7,0,0,0,0,0,0,0
3w,0.3,3,0.02,915.495823137706,18209.91646275412,30.260214319687496,103,15,98,5,95.14563106796116,15,0,0,0,0,0,0,0
3w,0.3,4,0.02,597.1238290894889,11842.476581789779,30.2385314725725,103,15,98,5,95.14563106796116,15,0,0,0,0,0,0,0
3w,0.3,5,0.02,394.76388049095976,7795.277609819194,30.217476142717498,103,15,98,5,95.14563106796116,15,0,0,0,0,0,0,0
3w,0.3,6,0.02,265.01897371461797,5200.379474292359,30.197096084482506,103,15,98,5,95.14563106796116,15,0,0,0,0,0,0,0
3w,0.3,7,0.02,179.32098170391896,3486.419634078379,30.177439052227502,103,15,98,5,95.14563106796116,15,0,0,0,0,0,0,0
3w,0.3,8,0.02,122.25343513967027,2345.0687027934055,30.158552800312506,103,15,98,5,95.14563106796116,15,0,0,0,0,0,0,0
3w,0.3,9,0.02,83.95229964598407,1579.0459929196813,30.68096866543093,103,15,98,5,95.14563106796116,15,0,0,0,0,0,0,0
3w,0.3,10,0.02,58.05179972343825,1061.035994468765,32.48508462216462,103,15,98,5,95.14563106796116,15,0,0,0,0,0,0,0
1m,0.1,0,0,151.19238608733377,2923.8477217466757,38.15956161928817,165,8,151,14,91.51515151515152,8,0,0,0,0,0,0,0
1m,0.1,1,0,118.56840380904406,2271.368076180881,39.57874174206787,165,8,151,14,91.51515151515152,8,0,0,0,0,0,0,0
1m,0.1,2,0,93.57073129194018,1771.4146258388034,40.995345163627974,165,8,151,14,91.51515151515152,8,0,0,0,0,0,0,0
1m,0.1,3,0,74.24782255198251,1384.9564510396501,42.40962380797041,165,8,151,14,91.51515151515152,8,0,0,0,0,0,0,0
1m,0.1,4,0,57.642606734040214,1052.8521346808043,43.82185339247771,164,9,150,14,91.46341463414635,9,0,0,0,0,0,0,0
1m,0.1,5,0,46.577563854751205,831.551277095024,45.23233372861333,164,9,150,14,91.46341463414635,9,0,0,0,0,0,0,0
1m,0.1,6,0,38.309876511495695,666.1975302299138,46.70907752806595,164,9,150,14,91.46341463414635,9,0,0,0,0,0,0,0
1m,0.1,7,0,2.4739941469097966,-50.52011706180407,50.52011706180407,24,149,18,6,75,7,0,0,0,0,0,142,0
1m,0.1,8,0,2.4643751397782943,-50.712497204434115,50.712497204434115,11,162,7,4,63.63636363636363,6,0,0,0,0,0,156,0
1m,0.1,9,0,2.367865158509824,-52.64269682980351,52.64269682980351,11,162,7,4,63.63636363636363,6,0,0,0,0,0,156,0
1m,0.1,10,0,2.273590089399592,-54.528198212008164,54.528198212008164,11,162,7,4,63.63636363636363,12,0,0,0,0,0,150,0
1m,0.1,0,0.01,125.82012790555567,2416.402558111113,39.20783149162469,165,8,151,14,91.51515151515152,8,0,0,0,0,0,0,0
1m,0.1,1,0.01,98.92762316856238,1878.5524633712478,40.6392752476309,165,8,151,14,91.51515151515152,8,0,0,0,0,0,0,0
1m,0.1,2,0.01,78.2107300453141,1464.214600906282,42.06828633371029,165,8,151,14,91.51515151515152,8,0,0,0,0,0,0,0
1m,0.1,3,0.01,60.474267917985,1109.4853583597,43.495142370011195,164,9,150,14,91.46341463414635,9,0,0,0,0,0,0,0
1m,0.1,4,0.01,48.59494993095737,871.8989986191474,44.92014599256598,164,9,150,14,91.46341463414635,9,0,0,0,0,0,0,0
1m,0.1,5,0.01,39.78936089068699,695.7872178137399,46.34362517996189,164,9,150,14,91.46341463414635,9,0,0,0,0,0,0,0
1m,0.1,6,0.01,32.506644984162634,550.1328996832526,49.635544003282504,164,9,150,14,91.46341463414635,9,0,0,0,0,0,0,0
1m,0.1,7,0.01,2.483383686477643,-50.33232627044713,50.33232627044713,11,162,7,4,63.63636363636363,6,0,0,0,0,0,156,0
1m,0.1,8,0.01,2.3854524299554836,-52.29095140089033,52.29095140089033,11,162,7,4,63.63636363636363,6,0,0,0,0,0,156,0
1m,0.1,9,0.01,2.2898223256966546,-54.203553486066916,54.203553486066916,11,162,7,4,63.63636363636363,12,0,0,0,0,0,150,0
1m,0.1,10,0.01,2.196383432640462,-56.07233134719076,56.07233134719076,11,162,7,4,63.63636363636363,12,0,0,0,0,0,150,0
1m,0.1,0,0.02,105.1191203572615,2002.38240714523,40.25458952839697,165,8,151,14,91.51515151515152,8,0,0,0,0,0,0,0
1m,0.1,1,0.02,82.78506112285633,1555.7012224571267,41.6984075551228,165,8,151,14,91.51515151515152,8,0,0,0,0,0,0,0
1m,0.1,2,0.02,63.75566839738671,1175.113367947734,43.13995750658229,164,9,150,14,91.46341463414635,9,0,0,0,0,0,0,0
1m,0.1,3,0.02,50.9551119315969,919.102238631938,44.579544143968214,164,9,150,14,91.46341463414635,9,0,0,0,0,0,0,0
1m,0.1,4,0.02,41.54362244883308,730.8724489766615,46.01749852354695,164,9,150,14,91.46341463414635,9,0,0,0,0,0,0,0
1m,0.1,5,0.02,33.87162958693125,577.432591738625,48.6476590774008,164,9,150,14,91.46341463414635,9,0,0,0,0,0,0,0
1m,0.1,6,0.02,2.3178147585770343,-53.64370482845931,53.64370482845931,24,149,18,6,75,7,0,0,0,0,0,142,0
1m,0.1,7,0.02,2.4050555372810187,-51.89888925437962,51.89888925437962,11,162,7,4,63.63636363636363,6,0,0,0,0,0,156,0
1m,0.1,8,0.02,2.3080126936531324,-53.83974612693735,53.83974612693735,11,162,7,4,63.63636363636363,12,0,0,0,0,0,150,0
1m,0.1,9,0.02,2.2132267813358473,-55.73546437328305,55.73546437328305,11,162,7,4,63.63636363636363,12,0,0,0,0,0,150,0
1m,0.1,10,0.02,2.1205882604901705,-57.588234790196594,57.588234790196594,11,162,7,4,63.63636363636363,12,0,0,0,0,0,150,0
1m,0.15,0,0,629.8700213731415,12497.40042746283,38.15956161928817,162,11,149,13,91.9753086419753,11,0,0,0,0,0,0,0
1m,0.15,1,0,444.3480001182933,8786.960002365866,39.57874174206787,162,11,149,13,91.9753086419753,11,0,0,0,0,0,0,0
1m,0.15,2,0,316.9363831409583,6238.727662819166,40.995345163627974,162,11,149,13,91.9753086419753,11,0,0,0,0,0,0,0
1m,0.15,3,0,226.76275736649654,4435.255147329931,42.40962380797041,162,11,149,13,91.9753086419753,11,0,0,0,0,0,0,0
1m,0.15,4,0,156.3691468656932,3027.382937313864,43.82185339247771,161,12,148,13,91.92546583850931,12,0,0,0,0,0,0,0
1m,0.15,5,0,113.49126380178762,2169.8252760357527,45.23233372861333,161,12,148,13,91.92546583850931,12,0,0,0,0,0,0,0
1m,0.15,6,0,82.95220593892117,1559.0441187784234,46.70907752806595,161,12,148,13,91.92546583850931,12,0,0,0,0,0,0,0
1m,0.15,7,0,2.4739941469097966,-50.52011706180407,50.52011706180407,24,149,18,6,75,7,0,0,0,0,0,142,0
1m,0.15,8,0,2.4643751397782943,-50.712497204434115,50.712497204434115,11,162,7,4,63.63636363636363,6,0,0,0,0,0,156,0
1m,0.15,9,0,2.367865158509824,-52.64269682980351,52.64269682980351,11,162,7,4,63.63636363636363,6,0,0,0,0,0,156,0
1m,0.15,10,0,2.273590089399592,-54.528198212008164,54.528198212008164,11,162,7,4,63.63636363636363,12,0,0,0,0,0,150,0
1m,0.15,0,0.01,483.6566238219068,9573.132476438135,39.20783149162469,162,11,149,13,91.9753086419753,11,0,0,0,0,0,0,0
1m,0.15,1,0.01,343.0368107348845,6760.736214697689,40.6392752476309,162,11,149,13,91.9753086419753,11,0,0,0,0,0,0,0
1m,0.15,2,0.01,244.70459273703474,4794.091854740695,42.06828633371029,162,11,149,13,91.9753086419753,11,0,0,0,0,0,0,0
1m,0.15,3,0.01,167.77378691301658,3255.475738260331,43.495142370011195,161,12,148,13,91.92546583850931,12,0,0,0,0,0,0,0
1m,0.15,4,0.01,121.20278670614981,2324.0557341229965,44.92014599256598,161,12,148,13,91.92546583850931,12,0,0,0,0,0,0,0
1m,0.15,5,0.01,88.1798744092919,1663.597488185838,46.34362517996189,161,12,148,13,91.92546583850931,12,0,0,0,0,0,0,0
1m,0.15,6,0.01,64.6424725885083,1192.849451770166,49.635544003282504,161,12,148,13,91.92546583850931,12,0,0,0,0,0,0,0
1m,0.15,7,0.01,2.483383686477643,-50.33232627044713,50.33232627044713,11,162,7,4,63.63636363636363,6,0,0,0,0,0,156,0
1m,0.15,8,0.01,2.3854524299554836,-52.29095140089033,52.29095140089033,11,162,7,4,63.63636363636363,6,0,0,0,0,0,156,0
1m,0.15,9,0.01,2.2898223256966546,-54.203553486066916,54.203553486066916,11,162,7,4,63.63636363636363,12,0,0,0,0,0,150,0
1m,0.15,10,0.01,2.196383432640462,-56.07233134719076,56.07233134719076,11,162,7,4,63.63636363636363,12,0,0,0,0,0,150,0
1m,0.15,0,0.02,374.0739943960125,7381.47988792025,40.25458952839697,162,11,149,13,91.9753086419753,11,0,0,0,0,0,0,0
1m,0.15,1,0.02,265.90544013836006,5218.108802767201,41.6984075551228,162,11,149,13,91.9753086419753,11,0,0,0,0,0,0,0
1m,0.15,2,0.02,181.27912405141754,3525.5824810283507,43.13995750658229,161,12,148,13,91.92546583850931,12,0,0,0,0,0,0,0
1m,0.15,3,0.02,130.29175837382834,2505.8351674765668,44.579544143968214,161,12,148,13,91.92546583850931,12,0,0,0,0,0,0,0
1m,0.15,4,0.02,94.33446645370746,1786.6893290741493,46.01749852354695,161,12,148,13,91.92546583850931,12,0,0,0,0,0,0,0
1m,0.15,5,0.02,68.8486178198996,1276.972356397992,48.6476590774008,161,12,148,13,91.92546583850931,12,0,0,0,0,0,0,0
1m,0.15,6,0.02,2.3178147585770343,-53.64370482845931,53.64370482845931,24,149,18,6,75,7,0,0,0,0,0,142,0
1m,0.15,7,0.02,2.4050555372810187,-51.89888925437962,51.89888925437962,11,162,7,4,63.63636363636363,6,0,0,0,0,0,156,0
1m,0.15,8,0.02,2.3080126936531324,-53.83974612693735,53.83974612693735,11,162,7,4,63.63636363636363,12,0,0,0,0,0,150,0
1m,0.15,9,0.02,2.2132267813358473,-55.73546437328305,55.73546437328305,11,162,7,4,63.63636363636363,12,0,0,0,0,0,150,0
1m,0.15,10,0.02,2.1205882604901705,-57.588234790196594,57.588234790196594,11,162,7,4,63.63636363636363,12,0,0,0,0,0,150,0
1m,0.2,0,0,3192.5445738779026,63750.89147755805,39.58858941472213,161,12,149,12,92.54658385093167,12,0,0,0,0,0,0,0
1m,0.2,1,0,2026.800122491922,40436.00244983844,40.770041389559154,161,12,149,12,92.54658385093167,12,0,0,0,0,0,0,0
1m,0.2,2,0,1296.2286885405135,25824.573770810268,41.94982648894558,161,12,149,12,92.54658385093167,12,0,0,0,0,0,0,0
1m,0.2,3,0,794.218184528244,15784.36369056488,43.118921543549796,160,13,148,12,92.5,13,0,0,0,0,0,0,0
1m,0.2,4,0,525.3553803679297,10407.107607358594,44.28545882514657,160,13,148,12,92.5,13,0,0,0,0,0,0,0
1m,0.2,5,0,350.1961593044699,6903.923186089398,45.45100460794177,160,13,148,12,92.5,13,0,0,0,0,0,0,0
1m,0.2,6,0,234.1802270130929,4583.604540261858,46.70907752806595,160,13,148,12,92.5,13,0,0,0,0,0,0,0
1m,0.2,7,0,2.4739941469097966,-50.52011706180407,50.52011706180407,24,149,18,6,75,7,0,0,0,0,0,142,0
1m,0.2,8,0,2.4643751397782943,-50.712497204434115,50.712497204434115,11,162,7,4,63.63636363636363,6,0,0,0,0,0,156,0
1m,0.2,9,0,2.367865158509824,-52.64269682980351,52.64269682980351,11,162,7,4,63.63636363636363,6,0,0,0,0,0,156,0
1m,0.2,10,0,2.273590089399592,-54.528198212008164,54.528198212008164,11,162,7,4,63.63636363636363,12,0,0,0,0,0,150,0
1m,0.2,0,0.01,2267.9448493196696,45258.89698639339,40.463633414111825,161,12,149,12,92.54658385093167,12,0,0,0,0,0,0,0
1m,0.2,1,0.01,1439.25490553547,28685.0981107094,41.65559933341007,161,12,149,12,92.54658385093167,12,0,0,0,0,0,0,0
1m,0.2,2,0.01,874.05280627598,17381.056125519597,42.839597343118704,160,13,148,12,92.5,13,0,0,0,0,0,0,0
1m,0.2,3,0.01,573.6763558433781,11373.527116867563,44.01805925186518,160,13,148,12,92.5,13,0,0,0,0,0,0,0
1m,0.2,4,0.01,380.5522010770745,7511.044021541491,45.195455840541975,160,13,148,12,92.5,13,0,0,0,0,0,0,0
1m,0.2,5,0.01,253.70305691109655,4974.061138221931,46.37205643453368,160,13,148,12,92.5,13,0,0,0,0,0,0,0
1m,0.2,6,0.01,168.3461816541751,3266.923633083502,49.635544003282504,160,13,148,12,92.5,13,0,0,0,0,0,0,0
1m,0.2,7,0.01,2.483383686477643,-50.33232627044713,50.33232627044713,11,162,7,4,63.63636363636363,6,0,0,0,0,0,156,0
1m,0.2,8,0.01,2.3854524299554836,-52.29095140089033,52.29095140089033,11,162,7,4,63.63636363636363,6,0,0,0,0,0,156,0
1m,0.2,9,0.01,2.2898223256966546,-54.203553486066916,54.203553486066916,11,162,7,4,63.63636363636363,12,0,0,0,0,0,150,0
1m,0.2,10,0.01,2.196383432640462,-56.07233134719076,56.07233134719076,11,162,7,4,63.63636363636363,12,0,0,0,0,0,150,0
1m,0.2,0,0.02,1613.9915836340717,32179.831672681434,41.33761390051802,161,12,149,12,92.54658385093167,12,0,0,0,0,0,0,0
1m,0.2,1,0.02,970.4745918511313,19309.491837022626,42.53677156737184,160,13,148,12,92.5,13,0,0,0,0,0,0,0
1m,0.2,2,0.02,632.2614993872897,12545.229987745795,43.727199891121046,160,13,148,12,92.5,13,0,0,0,0,0,0,0
1m,0.2,3,0.02,417.2001333999331,8244.002667998662,44.91648295363633,160,13,148,12,92.5,13,0,0,0,0,0,0,0
1m,0.2,4,0.02,277.2292039860842,5444.584079721684,46.10489253993034,160,13,148,12,92.5,13,0,0,0,0,0,0,0
1m,0.2,5,0.02,182.92847232641506,3558.5694465283013,48.6476590774008,160,13,148,12,92.5,13,0,0,0,0,0,0,0
1m,0.2,6,0.02,2.3178147585770343,-53.64370482845931,53.64370482845931,24,149,18,6,75,7,0,0,0,0,0,142,0
1m,0.2,7,0.02,2.4050555372810187,-51.89888925437962,51.89888925437962,11,162,7,4,63.63636363636363,6,0,0,0,0,0,156,0
1m,0.2,8,0.02,2.3080126936531324,-53.83974612693735,53.83974612693735,11,162,7,4,63.63636363636363,12,0,0,0,0,0,150,0
1m,0.2,9,0.02,2.2132267813358473,-55.73546437328305,55.73546437328305,11,162,7,4,63.63636363636363,12,0,0,0,0,0,150,0
1m,0.2,10,0.02,2.1205882604901705,-57.588234790196594,57.588234790196594,11,162,7,4,63.63636363636363,12,0,0,0,0,0,150,0
1m,0.25,0,0,11473.826963901489,229376.53927802976,46.00041092966813,160,13,148,12,92.5,13,0,0,0,0,0,0,0
1m,0.25,1,0,6604.927784871478,131998.55569742955,46.899372730020644,160,13,148,12,92.5,13,0,0,0,0,0,0,0
1m,0.25,2,0,3863.9993240724157,77179.98648144832,47.80276594622708,160,13,148,12,92.5,13,0,0,0,0,0,0,0
1m,0.25,3,0,2280.3171776249114,45506.343552498234,48.938842019675434,160,13,148,12,92.5,13,0,0,0,0,0,0,0
1m,0.25,4,0,2.457934431308221,-50.84131137383559,50.84131137383559,11,162,7,4,63.63636363636363,6,0,0,0,0,0,156,0
1m,0.25,5,0,2.359736049583551,-52.80527900832899,52.80527900832899,11,162,7,4,63.63636363636363,6,0,0,0,0,0,156,0
1m,0.25,6,0,2.264585953051017,-54.708280938979655,54.708280938979655,11,162,7,4,63.63636363636363,6,0,0,0,0,0,156,0
1m,0.25,7,0,2.172322143368213,-56.55355713263573,56.55355713263573,11,162,7,4,63.63636363636363,6,0,0,0,0,0,156,0
1m,0.25,8,0,2.082791798106543,-58.34416403786914,58.34416403786914,11,162,7,4,63.63636363636363,12,0,0,0,0,0,150,0
1m,0.25,9,0,1.9958505906782777,-60.08298818643445,60.08298818643445,11,162,7,4,63.63636363636363,12,0,0,0,0,0,150,0
1m,0.25,10,0,1.9113620698617273,-61.77275860276546,61.77275860276546,11,162,7,4,63.63636363636363,12,0,0,0,0,0,150,0
1m,0.25,0,0.01,7559.139050317003,151082.78100634005,46.665025213703466,160,13,148,12,92.5,13,0,0,0,0,0,0,0
1m,0.25,1,0.01,4379.172845014578,87483.45690029157,47.57629119689562,160,13,148,12,92.5,13,0,0,0,0,0,0,0
1m,0.25,2,0.01,2572.3817634204115,51347.63526840822,48.63413354403313,160,13,148,12,92.5,13,0,0,0,0,0,0,0
1m,0.25,3,0.01,2.4814100756286623,-50.37179848742676,50.37179848742676,11,162,7,4,63.63636363636363,6,0,0,0,0,0,156,0
1m,0.25,4,0.01,2.381479248666738,-52.37041502666524,52.37041502666524,11,162,7,4,63.63636363636363,6,0,0,0,0,0,156,0
1m,0.25,5,0.01,2.2846978741139727,-54.30604251772054,54.30604251772054,11,162,7,4,63.63636363636363,6,0,0,0,0,0,156,0
1m,0.25,6,0.01,2.1908967542181,-56.182064915637994,56.182064915637994,11,162,7,4,63.63636363636363,6,0,0,0,0,0,156,0
1m,0.25,7,0.01,2.0999164110321673,-58.001671779356656,58.001671779356656,11,162,7,4,63.63636363636363,12,0,0,0,0,0,150,0
1m,0.25,8,0.01,2.0116063565378752,-59.7678728692425,59.7678728692425,11,162,7,4,63.63636363636363,12,0,0,0,0,0,150,0
1m,0.25,9,0.01,1.9258244275492855,-61.483511449014294,61.483511449014294,11,162,7,4,63.63636363636363,12,0,0,0,0,0,150,0
1m,0.25,10,0.01,2.461196454497758,-50.776070910044844,50.776070910044844,8,165,5,3,62.5,6,0,0,0,0,0,159,0
1m,0.25,0,0.02,5021.861326659297,100337.22653318595,47.33199152591503,160,13,148,12,92.5,13,0,0,0,0,0,0,0
1m,0.25,1,0.02,2930.3457353580625,58506.91470716125,48.304061272132465,160,13,148,12,92.5,13,0,0,0,0,0,0,0
1m,0.25,2,0.02,1709.3918418297376,34087.836836594746,49.85778733009107,160,13,148,12,92.5,13,0,0,0,0,0,0,0
1m,0.25,3,0.02,2.4053563609278372,-51.89287278144326,51.89287278144326,11,162,7,4,63.63636363636363,6,0,0,0,0,0,156,0
1m,0.25,4,0.02,2.3068590890237335,-53.86281821952533,53.86281821952533,11,162,7,4,63.63636363636363,6,0,0,0,0,0,156,0
1m,0.25,5,0.02,2.2114419287827767,-55.77116142434446,55.77116142434446,11,162,7,4,63.63636363636363,6,0,0,0,0,0,156,0
1m,0.25,6,0.02,2.1189383001095212,-57.621233997809576,57.621233997809576,11,162,7,4,63.63636363636363,6,0,0,0,0,0,156,0
1m,0.25,7,0.02,2.029191147333875,-59.41617705332251,59.41617705332251,11,162,7,4,63.63636363636363,12,0,0,0,0,0,150,0
1m,0.25,8,0.02,1.9420522252617012,-61.158955494765976,61.158955494765976,11,162,7,4,63.63636363636363,12,0,0,0,0,0,150,0
1m,0.25,9,0.02,2.470869123278969,-50.58261753442063,50.58261753442063,8,165,5,3,62.5,6,0,0,0,0,0,159,0
1m,0.25,10,0.02,2.4158005608371234,-51.683988783257526,51.683988783257526,8,165,5,3,62.5,6,0,0,0,0,0,159,0
1m,0.3,0,0,2.385381653717327,-52.292366925653454,53.90341924238455,11,162,7,4,63.63636363636363,6,0,0,0,0,0,156,0
1m,0.3,1,0,2.319672784966584,-53.606544300668325,54.320388890440974,11,162,7,4,63.63636363636363,6,0,0,0,0,0,156,0
1m,0.3,2,0,2.2302922146020685,-55.394155707958625,55.394155707958625,11,162,7,4,63.63636363636363,6,0,0,0,0,0,156,0
1m,0.3,3,0,2.142300793509242,-57.15398412981516,57.15398412981516,11,162,7,4,63.63636363636363,6,0,0,0,0,0,156,0
1m,0.3,4,0,2.476114174005673,-50.47771651988654,50.47771651988654,8,165,5,3,62.5,6,0,0,0,0,0,159,0
1m,0.3,5,0,2.427147683806009,-51.457046323879815,51.457046323879815,8,165,5,3,62.5,6,0,0,0,0,0,159,0
1m,0.3,6,0,2.3807524192988225,-52.38495161402354,52.38495161402354,8,165,5,3,62.5,6,0,0,0,0,0,159,0
1m,0.3,7,0,2.3358945797050383,-53.28210840589923,53.28210840589923,8,165,5,3,62.5,6,0,0,0,0,0,159,0
1m,0.3,8,0,2.2772936814157125,-54.45412637168575,54.45412637168575,8,165,5,3,62.5,6,0,0,0,0,0,159,0
1m,0.3,9,0,2.216855461075255,-55.6628907784949,55.6628907784949,8,165,5,3,62.5,6,0,0,0,0,0,159,0
1m,0.3,10,0,2.158305555334245,-56.8338888933151,56.8338888933151,8,165,5,3,62.5,6,0,0,0,0,0,159,0
1m,0.3,0,0.01,2.3368264177229303,-53.263471645541394,54.21403950908827,11,162,7,4,63.63636363636363,6,0,0,0,0,0,156,0
1m,0.3,1,0.01,2.253269122084145,-54.9346175583171,55.01716596825366,11,162,7,4,63.63636363636363,6,0,0,0,0,0,156,0
1m,0.3,2,0.01,2.1635510126338255,-56.72897974732349,56.72897974732349,11,162,7,4,63.63636363636363,6,0,0,0,0,0,156,0
1m,0.3,3,0.01,2.4878594903409827,-50.24281019318034,50.24281019318034,8,165,5,3,62.5,6,0,0,0,0,0,159,0
1m,0.3,4,0.01,2.437442929517525,-51.251141409649506,51.251141409649506,8,165,5,3,62.5,6,0,0,0,0,0,159,0
1m,0.3,5,0.01,2.390227769470079,-52.195444610598415,52.195444610598415,8,165,5,3,62.5,6,0,0,0,0,0,159,0
1m,0.3,6,0.01,2.3446012832620973,-53.107974334758055,53.107974334758055,8,165,5,3,62.5,6,0,0,0,0,0,159,0
1m,0.3,7,0.01,2.288774479041862,-54.22451041916276,54.22451041916276,8,165,5,3,62.5,6,0,0,0,0,0,159,0
1m,0.3,8,0.01,2.227356031253813,-55.45287937492374,55.45287937492374,8,165,5,3,62.5,6,0,0,0,0,0,159,0
1m,0.3,9,0.01,2.167885008302874,-56.64229983394252,56.64229983394252,8,165,5,3,62.5,6,0,0,0,0,0,159,0
1m,0.3,10,0.01,2.110250184764582,-57.794996304708356,57.794996304708356,8,165,5,3,62.5,6,0,0,0,0,0,159,0
1m,0.3,0,0.02,2.2783106669688795,-54.43378666062241,54.750497408698365,11,162,7,4,63.63636363636363,6,0,0,0,0,0,156,0
1m,0.3,1,0.02,2.1867660013644503,-56.264679972710994,56.264679972710994,11,162,7,4,63.63636363636363,6,0,0,0,0,0,156,0
1m,0.3,2,0.02,2.0986601451691214,-58.02679709661758,58.02679709661758,11,162,7,4,63.63636363636363,6,0,0,0,0,0,156,0
1m,0.3,3,0.02,2.4487867235470944,-51.02426552905811,51.02426552905811,8,165,5,3,62.5,6,0,0,0,0,0,159,0
1m,0.3,4,0.02,2.400706319093339,-51.985873618133226,51.985873618133226,8,165,5,3,62.5,6,0,0,0,0,0,159,0
1m,0.3,5,0.02,2.354269225152759,-52.91461549694482,52.91461549694482,8,165,5,3,62.5,6,0,0,0,0,0,159,0
1m,0.3,6,0.02,2.3015830199370164,-53.96833960125967,53.96833960125967,8,165,5,3,62.5,6,0,0,0,0,0,159,0
1m,0.3,7,0.02,2.2391316588352295,-55.21736682329541,55.21736682329541,8,165,5,3,62.5,6,0,0,0,0,0,159,0
1m,0.3,8,0.02,2.178690680012079,-56.426186399758414,56.426186399758414,8,165,5,3,62.5,6,0,0,0,0,0,159,0
1m,0.3,9,0.02,2.1201440562559473,-57.59711887488106,57.59711887488106,8,165,5,3,62.5,6,0,0,0,0,0,159,0
1m,0.3,10,0.02,2.063382744998292,-58.73234510003415,58.73234510003415,8,165,5,3,62.5,6,0,0,0,0,0,159,0
full,0.1,0,0,4283.851295538313,85577.02591076626,56.71041037593426,510,12,442,68,86.66666666666667,11,1,0,0,0,0,0,0
full,0.1,1,0,2107.5352988884065,42050.705977768135,66.58937042356925,510,12,442,68,86.66666666666667,11,1,0,0,0,0,0,0
full,0.1,2,0,1130.046977222302,22500.939544446042,68.5540069730717,508,14,441,67,86.81102362204724,14,0,0,0,0,0,0,0
full,0.1,3,0,2.4285515637972344,-51.42896872405531,68.74982331160001,75,447,58,17,77.33333333333333,8,0,0,0,0,0,439,0
full,0.1,4,0,1.7714308633109281,-64.57138273378143,76.34158267207711,65,457,50,15,76.92307692307693,15,0,0,0,0,0,442,0
full,0.1,5,0,2.05547485825326,-58.8905028349348,71.49399460668539,64,458,50,14,78.125,12,0,0,0,0,0,446,0
full,0.1,6,0,2.356166042235401,-52.87667915529198,66.05169571446358,63,459,50,13,79.36507936507937,13,0,0,0,0,0,446,0
full,0.1,7,0,2.288193332924314,-54.236133341513714,65.72806626218707,60,462,48,12,80,16,0,0,0,0,0,446,0
full,0.1,8,0,2.128565748879163,-57.42868502241674,66.83847686130065,56,466,45,11,80.35714285714286,13,0,0,0,0,0,453,0
full,0.1,9,0,2.4753558203801758,-50.49288359239649,59.85990781653175,48,474,39,9,81.25,5,0,0,0,0,0,469,0
full,0.1,10,0,1.6849345282888823,-66.30130943422236,69.90649863945868,32,490,25,7,78.125,9,0,0,0,0,0,481,0
full,0.1,0,0.01,2507.7230653000875,50054.461306001744,64.19995975159186,510,12,442,68,86.66666666666667,11,1,0,0,0,0,0,0
full,0.1,1,0.01,2.0700846774245663,-58.59830645150868,74.5365252648727,79,443,60,19,75.9493670886076,5,1,0,0,0,0,437,0
full,0.1,2,0.01,1.8334781156885034,-63.33043768622992,76.59584916725521,77,445,59,18,76.62337662337663,8,0,0,0,0,0,437,0
full,0.1,3,0.01,1.9243387987730625,-61.51322402453875,74.4979448739658,65,457,50,15,76.92307692307693,15,0,0,0,0,0,442,0
full,0.1,4,0.01,2.197598495514794,-56.04803008970413,69.75001312173796,64,458,50,14,78.125,12,0,0,0,0,0,446,0
full,0.1,5,0.01,2.488005185731427,-50.239896285371465,64.40924332855798,63,459,50,13,79.36507936507937,13,0,0,0,0,0,446,0
full,0.1,6,0.01,2.4053853031621624,-51.89229393675675,64.22115523731154,60,462,48,12,80,16,0,0,0,0,0,446,0
full,0.1,7,0.01,1.7478701905417806,-65.04259618916439,72.94947966023803,60,462,48,12,80,16,0,0,0,0,0,446,0
full,0.1,8,0.01,1.6270890222440229,-67.45821955511954,73.7822144731463,56,466,45,11,80.35714285714286,13,0,0,0,0,0,453,0
full,0.1,9,0.01,1.729980955601046,-65.40038088797908,69.14257398722556,32,490,25,7,78.125,9,0,0,0,0,0,481,0
full,0.1,10,0.01,2.4172539594484634,-51.654920811030735,56.48572647195137,31,491,25,6,80.64516129032258,6,0,0,0,0,0,485,0
full,0.1,0,0.02,2.3004959670072243,-53.99008065985551,71.95630967847288,79,443,60,19,75.9493670886076,5,1,0,0,0,0,437,0
full,0.1,1,0.02,2.044297171434609,-59.11405657130781,74.13205701385152,77,445,59,18,76.62337662337663,8,0,0,0,0,0,437,0
full,0.1,2,0.02,2.094944218219645,-58.1011156356071,72.47146674213796,65,457,50,15,76.92307692307693,11,0,0,0,0,0,446,0
full,0.1,3,0.02,2.3548859825178523,-52.90228034964295,67.85008286356175,64,458,50,14,78.125,12,0,0,0,0,0,446,0
full,0.1,4,0.02,1.6276664513142949,-67.4466709737141,76.90059375542245,64,458,50,14,78.125,16,0,0,0,0,0,442,0
full,0.1,5,0.02,1.9639332082955712,-60.721335834088585,71.01090791406949,57,465,45,12,78.94736842105263,12,0,0,0,0,0,453,0
full,0.1,6,0.02,1.8692943562301798,-62.61411287539641,71.28373837018023,60,462,48,12,80,16,0,0,0,0,0,446,0
full,0.1,7,0.02,1.7328473790564394,-65.34305241887122,72.27654445029921,56,466,45,11,80.35714285714286,13,0,0,0,0,0,453,0
full,0.1,8,0.02,1.781515745630063,-64.36968508739874,68.27103462310846,32,490,25,7,78.125,9,0,0,0,0,0,481,0
full,0.1,9,0.02,2.464660123801006,-50.70679752397987,55.694056690218154,31,491,25,6,80.64516129032258,6,0,0,0,0,0,485,0
full,0.1,10,0.02,2.150769035529246,-56.98461928941507,60.98001860342755,31,491,25,6,80.64516129032258,6,0,0,0,0,0,485,0
full,0.15,0,0,64502.2115439285,1289944.23087857,68.35410343911028,498,24,433,65,86.94779116465864,23,1,0,0,0,0,0,0
full,0.15,1,0,2.182095540349349,-56.358089193013015,74.48035136940511,79,443,60,19,75.9493670886076,5,1,0,0,0,0,437,0
full,0.15,2,0,2.212921556301727,-55.74156887396546,72.96608256400707,77,445,59,18,76.62337662337663,8,0,0,0,0,0,437,0
full,0.15,3,0,2.2364975581998268,-55.27004883600346,71.48500676270977,75,447,58,17,77.33333333333333,10,0,0,0,0,0,437,0
full,0.15,4,0,1.6790926600499656,-66.41814679900068,77.68782525991091,65,457,50,15,76.92307692307693,15,0,0,0,0,0,442,0
full,0.15,5,0,1.9856276613512407,-60.287446772975194,72.51810712393227,64,458,50,14,78.125,12,0,0,0,0,0,446,0
full,0.15,6,0,2.3166070934051923,-53.66785813189615,66.63176198388263,63,459,50,13,79.36507936507937,13,0,0,0,0,0,446,0
full,0.15,7,0,2.2866973015553236,-54.26605396889352,65.75047341074833,60,462,48,12,80,16,0,0,0,0,0,446,0
full,0.15,8,0,2.128565748879163,-57.42868502241674,66.83847686130065,56,466,45,11,80.35714285714286,13,0,0,0,0,0,453,0
full,0.15,9,0,2.4753558203801758,-50.49288359239649,59.85990781653175,48,474,39,9,81.25,5,0,0,0,0,0,469,0
full,0.15,10,0,1.6849345282888823,-66.30130943422236,69.90649863945868,32,490,25,7,78.125,9,0,0,0,0,0,481,0
full,0.15,0,0.01,2.3311406495711067,-53.37718700857786,73.02558029833986,79,443,60,19,75.9493670886076,5,1,0,0,0,0,437,0
full,0.15,1,0.01,2.3651038954679993,-52.69792209064001,71.39159024915863,77,445,59,18,76.62337662337663,8,0,0,0,0,0,437,0
full,0.15,2,0.01,2.39918985593793,-52.016202881241405,69.69221663411889,75,447,58,17,77.33333333333333,8,0,0,0,0,0,439,0
full,0.15,3,0.01,1.8177185454954472,-63.64562909009106,76.05104420581479,65,457,50,15,76.92307692307693,15,0,0,0,0,0,442,0
full,0.15,4,0.01,2.1224688905177596,-57.550622189644805,70.85627599364817,64,458,50,14,78.125,12,0,0,0,0,0,446,0
full,0.15,5,0.01,2.4421532134621016,-51.156935730757965,65.0831904396737,63,459,50,13,79.36507936507937,13,0,0,0,0,0,446,0
full,0.15,6,0.01,2.39689481249335,-52.062103750133005,64.34744683275746,60,462,48,12,80,16,0,0,0,0,0,446,0
full,0.15,7,0.01,1.7478701905417806,-65.04259618916439,72.94947966023803,60,462,48,12,80,16,0,0,0,0,0,446,0
full,0.15,8,0.01,1.6270890222440229,-67.45821955511954,73.7822144731463,56,466,45,11,80.35714285714286,13,0,0,0,0,0,453,0
full,0.15,9,0.01,1.729980955601046,-65.40038088797908,69.14257398722556,32,490,25,7,78.125,9,0,0,0,0,0,481,0
full,0.15,10,0.01,2.4172539594484634,-51.654920811030735,56.48572647195137,31,491,25,6,80.64516129032258,6,0,0,0,0,0,485,0
full,0.15,0,0.02,16378.898467419767,327477.96934839536,69.92665029545911,496,26,432,64,87.09677419354838,26,0,0,0,0,0,0,0
full,0.15,1,0.02,1.796970189198701,-64.06059621602597,77.52776828110983,77,445,59,18,76.62337662337663,8,0,0,0,0,0,437,0
full,0.15,2,0.02,1.9667569941870335,-60.664860116259334,74.32858826969373,65,457,50,15,76.92307692307693,15,0,0,0,0,0,442,0
full,0.15,3,0.02,2.27398749271628,-54.520250145674396,69.04692484905512,64,458,50,14,78.125,12,0,0,0,0,0,446,0
full,0.15,4,0.02,1.5748506256832728,-68.50298748633455,77.66705722422043,64,458,50,14,78.125,16,0,0,0,0,0,442,0
full,0.15,5,0.02,1.5137727116570938,-69.72454576685813,77.65560643812289,61,461,48,13,78.68852459016394,19,0,0,0,0,0,442,0
full,0.15,6,0.02,1.8692943562301798,-62.61411287539641,71.28373837018023,60,462,48,12,80,16,0,0,0,0,0,446,0
full,0.15,7,0.02,1.7328473790564394,-65.34305241887122,72.27654445029921,56,466,45,11,80.35714285714286,13,0,0,0,0,0,453,0
full,0.15,8,0.02,1.781515745630063,-64.36968508739874,68.27103462310846,32,490,25,7,78.125,9,0,0,0,0,0,481,0
full,0.15,9,0.02,2.464660123801006,-50.70679752397987,55.694056690218154,31,491,25,6,80.64516129032258,6,0,0,0,0,0,485,0
full,0.15,10,0.02,2.150769035529246,-56.98461928941507,60.98001860342755,31,491,25,6,80.64516129032258,6,0,0,0,0,0,485,0
full,0.2,0,0,2.3740780280158447,-52.51843943968311,70.69181066315294,58,464,44,14,75.86206896551724,22,0,0,0,0,0,442,0
full,0.2,1,0,1.9023074121976833,-61.95385175604633,75.40793652827992,58,464,44,14,75.86206896551724,22,0,0,0,0,0,442,0
full,0.2,2,0,1.4988875976632177,-70.02224804673564,79.73169846842396,58,464,44,14,75.86206896551724,22,0,0,0,442,0,0,0
full,0.2,3,0,2.209416870273097,-55.811662594538056,68.78989579106161,57,465,44,13,77.19298245614034,19,0,0,0,0,0,446,0
full,0.2,4,0,1.8140293337954132,-63.71941332409173,73.27447166258506,57,465,44,13,77.19298245614034,23,0,0,0,0,0,442,0
full,0.2,5,0,2.369192389776969,-52.61615220446062,63.63150131635034,56,466,44,12,78.57142857142857,20,0,0,0,0,0,446,0
full,0.2,6,0,1.8453779190342685,-63.092441619314634,70.51749682551124,56,466,44,12,78.57142857142857,20,0,0,0,0,0,446,0
full,0.2,7,0,2.4957283494064124,-50.08543301187175,58.538471371924636,44,478,35,9,79.54545454545455,9,0,0,0,0,0,469,0
full,0.2,8,0,2.085732481740421,-58.285350365191576,64.01578558992638,32,490,25,7,78.125,9,0,0,0,0,0,481,0
full,0.2,9,0,1.8041201059796503,-63.917597880406994,68.2527096711246,32,490,25,7,78.125,9,0,0,0,0,0,481,0
full,0.2,10,0,1.5203847628378313,-69.59230474324339,72.97591400794956,32,490,25,7,78.125,9,0,0,0,0,0,481,0
full,0.2,0,0.01,2.0104980276446605,-59.79003944710679,74.2888217137247,58,464,44,14,75.86206896551724,22,0,0,0,0,0,442,0
full,0.2,1,0.01,1.5785479854958127,-68.42904029008375,78.87064136256487,58,464,44,14,75.86206896551724,22,0,0,0,0,0,442,0
full,0.2,2,0.01,2.2759198203606736,-54.481603592786534,68.14673262964689,57,465,44,13,77.19298245614034,19,0,0,0,0,0,446,0
full,0.2,3,0.01,1.9034276579068017,-61.931446841863966,72.19884408526104,57,465,44,13,77.19298245614034,23,0,0,0,0,0,442,0
full,0.2,4,0.01,2.474267244510279,-50.514655109794425,62.32489261075339,56,466,44,12,78.57142857142857,20,0,0,0,0,0,446,0
full,0.2,5,0.01,1.9498841311232582,-61.002317377534844,69.07876571125313,56,466,44,12,78.57142857142857,20,0,0,0,0,0,446,0
full,0.2,6,0.01,1.811100485012882,-63.777990299742356,70.11537720335032,52,470,41,11,78.84615384615384,17,0,0,0,0,0,453,0
full,0.2,7,0.01,2.132243197741782,-57.35513604516436,63.44071329592931,32,490,25,7,78.125,9,0,0,0,0,0,481,0
full,0.2,8,0.01,1.8478679656775192,-63.042640686449616,67.5335271963185,32,490,25,7,78.125,9,0,0,0,0,0,481,0
full,0.2,9,0.01,1.559919167517075,-68.8016166496585,72.31280369809092,32,490,25,7,78.125,9,0,0,0,0,0,481,0
full,0.2,10,0.01,2.2869114642340396,-54.261770715319216,59.00282930044267,31,491,25,6,80.64516129032258,6,0,0,0,0,0,485,0
full,0.2,0,0.02,1.673376036282434,-66.53247927435132,77.84897325790165,58,464,44,14,75.86206896551724,22,0,0,0,0,0,442,0
full,0.2,1,0.02,2.3420212940203653,-53.15957411959269,67.55596323062021,57,465,44,13,77.19298245614034,19,0,0,0,0,0,446,0
full,0.2,2,0.02,1.9947351144715475,-60.10529771056905,71.1429226465473,57,465,44,13,77.19298245614034,23,0,0,0,0,0,442,0
full,0.2,3,0.02,1.573209704255526,-68.53580591488948,76.25826642545313,57,465,44,13,77.19298245614034,23,0,0,0,0,0,442,0
full,0.2,4,0.02,2.0596422796589238,-58.807154406821525,67.60645553080056,56,466,44,12,78.57142857142857,20,0,0,0,0,0,446,0
full,0.2,5,0.02,1.9177245029739771,-61.64550994052046,68.59882199621562,52,470,41,11,78.84615384615384,17,0,0,0,0,0,453,0
full,0.2,6,0.02,2.1856673752898934,-56.28665249420213,62.79095534886663,32,490,25,7,78.125,9,0,0,0,0,0,481,0
full,0.2,7,0.02,1.8957733831812462,-62.08453233637508,66.75067193398853,32,490,25,7,78.125,9,0,0,0,0,0,481,0
full,0.2,8,0.02,1.6052120344714262,-67.89575931057146,71.55538351286273,32,490,25,7,78.125,9,0,0,0,0,0,481,0
full,0.2,9,0.02,2.3277884066345393,-53.44423186730921,58.33273001241971,31,491,25,6,80.64516129032258,6,0,0,0,0,0,485,0
full,0.2,10,0.02,2.058528275814114,-58.82943448371771,62.78581212496401,31,491,25,6,80.64516129032258,6,0,0,0,0,0,485,0
full,0.25,0,0,2.1864138196017064,-56.271723607965875,75.31476019629244,55,467,42,13,76.36363636363637,21,0,0,0,0,0,446,0
full,0.25,1,0,1.7693748999099197,-64.6125020018016,78.78982589739672,55,467,42,13,76.36363636363637,25,0,0,0,0,0,442,0
full,0.25,2,0,2.430449635375325,-51.3910072924935,69.1075128515121,54,468,42,12,77.77777777777779,22,0,0,0,0,0,446,0
full,0.25,3,0,2.429298136404645,-51.4140372719071,67.30100812013492,50,472,39,11,78,19,0,0,0,0,0,453,0
full,0.25,4,0,2.055306512737759,-58.89386974524482,70.73928350784358,50,472,39,11,78,19,0,0,0,0,0,453,0
full,0.25,5,0,2.299401018708643,-54.01197962582713,65.41667802022947,32,490,25,7,78.125,9,0,0,0,0,0,481,0
full,0.25,6,0,2.0887784003526693,-58.22443199294661,66.88685528952234,32,490,25,7,78.125,9,0,0,0,0,0,481,0
full,0.25,7,0,1.8765349727755267,-62.46930054448947,68.80678803507065,32,490,25,7,78.125,9,0,0,0,0,0,481,0
full,0.25,8,0,1.6515428861956687,-66.96914227608663,72.1894634768459,32,490,25,7,78.125,9,0,0,0,0,0,481,0
full,0.25,9,0,2.3924060404462084,-52.151879191075835,59.19979626781478,31,491,25,6,80.64516129032258,6,0,0,0,0,0,485,0
full,0.25,10,0,2.1096047002521274,-57.80790599495745,63.57222602841676,31,491,25,6,80.64516129032258,6,0,0,0,0,0,485,0
full,0.25,0,0.01,1.8716993989904145,-62.56601202019171,77.87717918386859,55,467,42,13,76.36363636363637,25,0,0,0,0,0,442,0
full,0.25,1,0.01,1.4907104514961909,-70.18579097007618,81.30058233008926,55,467,42,13,76.36363636363637,25,0,0,0,442,0,0,0
full,0.25,2,0.01,2.4969066280101533,-50.061867439796934,66.80318167697449,50,472,39,11,78,19,0,0,0,0,0,453,0
full,0.25,3,0.01,2.1331886291401254,-57.33622741719749,69.97833779607735,50,472,39,11,78,19,0,0,0,0,0,453,0
full,0.25,4,0.01,2.3443039542024824,-53.11392091595035,65.11772744017824,32,490,25,7,78.125,9,0,0,0,0,0,481,0
full,0.25,5,0.01,2.12374879570969,-57.525024085806194,66.65972938427826,32,490,25,7,78.125,9,0,0,0,0,0,481,0
full,0.25,6,0.01,1.9171984903946784,-61.65603019210643,68.28709673845654,32,490,25,7,78.125,9,0,0,0,0,0,481,0
full,0.25,7,0.01,1.6865918938951732,-66.26816212209654,71.65882401767357,32,490,25,7,78.125,9,0,0,0,0,0,481,0
full,0.25,8,0.01,2.432081041514479,-51.358379169710425,58.603265425472586,31,491,25,6,80.64516129032258,6,0,0,0,0,0,485,0
full,0.25,9,0.01,2.1511897707470156,-56.97620458505968,62.91994504022009,31,491,25,6,80.64516129032258,6,0,0,0,0,0,485,0
full,0.25,10,0.01,2.3519371642772917,-52.961256714454166,58.95514599814333,26,496,21,5,80.76923076923077,4,0,0,0,0,0,492,0
full,0.25,0,0.02,1.5719879091871272,-68.56024181625745,80.5636580244659,55,467,42,13,76.36363636363637,25,0,0,0,0,0,442,0
full,0.25,1,0.02,2.2882565363214313,-54.23486927357138,69.98651808438802,54,468,42,12,77.77777777777779,22,0,0,0,0,0,446,0
full,0.25,2,0.02,2.2236730894563888,-55.526538210872225,69.09957034626795,50,472,39,11,78,19,0,0,0,0,0,453,0
full,0.25,3,0.02,2.3961219809000394,-52.07756038199921,64.76754088705472,32,490,25,7,78.125,9,0,0,0,0,0,481,0
full,0.25,4,0.02,2.1653504990570926,-56.69299001885815,66.37347319170918,32,490,25,7,78.125,9,0,0,0,0,0,481,0
full,0.25,5,0.02,1.9635177641930512,-60.72964471613898,67.84860001030309,32,490,25,7,78.125,9,0,0,0,0,0,481,0
full,0.25,6,0.02,1.7262968733741224,-65.47406253251755,71.06012203876763,32,490,25,7,78.125,9,0,0,0,0,0,481,0
full,0.25,7,0.02,2.4773277775193647,-50.453444449612704,57.92542195979161,31,491,25,6,80.64516129032258,6,0,0,0,0,0,485,0
full,0.25,8,0.02,2.1989364810433303,-56.02127037913339,62.17363706565947,31,491,25,6,80.64516129032258,6,0,0,0,0,0,485,0
full,0.25,9,0.02,2.3877490837890214,-52.24501832421957,58.40786639300184,26,496,21,5,80.76923076923077,4,0,0,0,0,0,492,0
full,0.25,10,0.02,2.1565706651454395,-56.8685866970912,61.97001371840163,26,496,21,5,80.76923076923077,4,0,0,0,0,0,492,0
full,0.3,0,0,2.0365408189352046,-59.26918362129591,78.79192443569342,52,470,40,12,76.92307692307693,24,0,0,0,0,0,446,0
full,0.3,1,0,2.3925808426606614,-52.14838314678677,73.25436310822712,50,472,39,11,78,19,0,0,0,0,0,453,0
full,0.3,2,0,2.062561992838456,-58.74876014323088,75.28792465204103,50,472,39,11,78,19,0,0,0,0,0,453,0
full,0.3,3,0,2.365435873787253,-52.691282524254945,69.66856899419084,32,490,25,7,78.125,9,0,0,0,0,0,481,0
full,0.3,4,0,2.054633724530129,-58.90732550939741,71.84313524320855,32,490,25,7,78.125,9,0,0,0,0,0,481,0
full,0.3,5,0,1.7748025259266382,-64.50394948146723,74.04142188190065,32,490,25,7,78.125,9,0,0,0,0,0,481,0
full,0.3,6,0,1.5508241133754073,-68.98351773249185,75.82254582313966,32,490,25,7,78.125,9,0,0,0,0,0,481,0
full,0.3,7,0,2.3707511536810593,-52.584976926378815,61.98344516230827,31,491,25,6,80.64516129032258,6,0,0,0,0,0,485,0
full,0.3,8,0,2.157741386343509,-56.84517227312982,64.86283413537342,31,491,25,6,80.64516129032258,6,0,0,0,0,0,485,0
full,0.3,9,0,2.3436957531351847,-53.126084937296305,61.254213994636764,26,496,21,5,80.76923076923077,4,0,0,0,0,0,492,0
full,0.3,10,0,2.4591514620778074,-50.816970758443844,58.73852792807176,20,502,16,4,80,4,0,0,0,0,0,498,0
full,0.3,0,0.01,2.464219161593266,-50.71561676813469,72.9089023374366,50,472,39,11,78,19,0,0,0,0,0,453,0
full,0.3,1,0.01,2.1353603627864075,-57.29279274427185,74.81225639813206,50,472,39,11,78,19,0,0,0,0,0,453,0
full,0.3,2,0.01,2.4177820054344137,-51.64435989131173,69.4472081852868,32,490,25,7,78.125,9,0,0,0,0,0,481,0
full,0.3,3,0.01,2.117880452815883,-57.642390943682344,71.36997571717207,32,490,25,7,78.125,9,0,0,0,0,0,481,0
full,0.3,4,0.01,1.8243784327495283,-63.51243134500943,73.6538204891712,32,490,25,7,78.125,9,0,0,0,0,0,481,0
full,0.3,5,0.01,1.5875587148442705,-68.24882570311459,75.54120133132906,32,490,25,7,78.125,9,0,0,0,0,0,481,0
full,0.3,6,0.01,2.400227045304657,-51.99545909390686,61.61461289967968,31,491,25,6,80.64516129032258,6,0,0,0,0,0,485,0
full,0.3,7,0.01,2.1935093833250994,-56.12981233349801,64.3694644541383,31,491,25,6,80.64516129032258,6,0,0,0,0,0,485,0
full,0.3,8,0.01,2.367052545200208,-52.658949095995844,60.95800405466436,26,496,21,5,80.76923076923077,4,0,0,0,0,0,492,0
full,0.3,9,0.01,2.479898521916616,-50.40202956166768,58.47817810837478,20,502,16,4,80,4,0,0,0,0,0,498,0
full,0.3,10,0.01,2.341898239959786,-53.16203520080428,60.20660785231671,20,502,16,4,80,4,0,0,0,0,0,498,0
full,0.3,0,0.02,2.220203870930943,-55.59592258138114,74.2551081443965,50,472,39,11,78,19,0,0,0,0,0,453,0
full,0.3,1,0.02,2.476663258472981,-50.46673483054038,69.20117987141077,32,490,25,7,78.125,9,0,0,0,0,0,481,0
full,0.3,2,0.02,2.189206165720768,-56.21587668558463,70.84756663084372,32,490,25,7,78.125,9,0,0,0,0,0,481,0
full,0.3,3,0.02,1.8820644807354032,-62.358710385291936,73.20079835314368,32,490,25,7,78.125,9,0,0,0,0,0,481,0
full,0.3,4,0.02,1.6311423736574178,-67.37715252685165,75.19828167762522,32,490,25,7,78.125,9,0,0,0,0,0,481,0
full,0.3,5,0.02,2.434419658686494,-51.311606826270115,61.18532512084748,31,491,25,6,80.64516129032258,6,0,0,0,0,0,485,0
full,0.3,6,0.02,2.2352392933611602,-55.29521413277679,63.79357002122114,31,491,25,6,80.64516129032258,6,0,0,0,0,0,485,0
full,0.3,7,0.02,2.3937347555810136,-52.12530488837973,60.620756394867655,26,496,21,5,80.76923076923077,4,0,0,0,0,0,492,0
full,0.3,8,0.02,2.2037183059708623,-55.92563388058276,63.19126680616145,26,496,21,5,80.76923076923077,4,0,0,0,0,0,492,0
full,0.3,9,0.02,2.362736755446501,-52.745264891069986,59.94170229354508,20,502,16,4,80,4,0,0,0,0,0,498,0
full,0.3,10,0.02,2.190243193586718,-56.195136128265645,62.31784457889182,20,502,16,4,80,4,0,0,0,0,0,498,0